horizon,day,slot,index,feature,coefficient,residual_sigma2,n_obs,ci_low,ci_high,ci_level,boot_se
1,1,1,0,intercept,0.2598390935389465,0.0009944003174101935,290,0.2395346687401798,0.6671168055884585,0.95,0.11035118508090805
1,1,1,1,weekday_vs_weekend,0.0,0.0009944003174101935,290,0.0,0.0,0.95,0.0
1,1,1,2,slot_pm,0.0,0.0009944003174101935,290,0.0,0.0,0.95,0.0
1,1,1,3,E_w,-0.015820305744422943,0.0009944003174101935,290,-0.07763723841685016,0.036979370700943745,0.95,0.02808541322422272
1,1,1,4,weekday_vs_weekend*E_w,0.0,0.0009944003174101935,290,0.0,0.0,0.95,0.0
1,1,1,5,slot_pm*E_w,0.0,0.0009944003174101935,290,0.0,0.0,0.95,0.0
1,1,1,6,CAE_avg_lastweek,0.6062992147695846,0.0009944003174101935,290,0.4063787368381026,0.716552163136866,0.95,0.08061621120475483
1,1,1,7,weekday_vs_weekend*CAE_avg_lastweek,0.0,0.0009944003174101935,290,0.0,0.0,0.95,0.0
1,1,1,8,slot_pm*CAE_avg_lastweek,0.0,0.0009944003174101935,290,0.0,0.0,0.95,0.0
1,1,1,9,M_Y_day1_fourSC_morning,0.0,0.0009944003174101935,290,0.0,0.0,0.95,0.0
1,1,1,10,M_Y_day1_fourSC_afternoon,0.0,0.0009944003174101935,290,0.0,0.0,0.95,0.0
1,1,1,11,M_Y_day1_anticipated_affect,0.0,0.0009944003174101935,290,0.0,0.0,0.95,0.0
1,1,1,12,M_Y_day2_fourSC_morning,0.0,0.0009944003174101935,290,0.0,0.0,0.95,0.0
1,1,1,13,M_Y_day2_fourSC_afternoon,0.0,0.0009944003174101935,290,0.0,0.0,0.95,0.0
1,1,1,14,M_Y_day2_anticipated_affect,0.0,0.0009944003174101935,290,0.0,0.0,0.95,0.0
1,1,1,15,M_Y_day3_fourSC_morning,0.0,0.0009944003174101935,290,0.0,0.0,0.95,0.0
1,1,1,16,M_Y_day3_fourSC_afternoon,0.0,0.0009944003174101935,290,0.0,0.0,0.95,0.0
1,1,1,17,M_Y_day3_anticipated_affect,0.0,0.0009944003174101935,290,0.0,0.0,0.95,0.0
1,1,1,18,M_Y_day4_fourSC_morning,0.0,0.0009944003174101935,290,0.0,0.0,0.95,0.0
1,1,1,19,M_Y_day4_fourSC_afternoon,0.0,0.0009944003174101935,290,0.0,0.0,0.95,0.0
1,1,1,20,M_Y_day4_anticipated_affect,0.0,0.0009944003174101935,290,0.0,0.0,0.95,0.0
1,1,1,21,M_Y_day5_fourSC_morning,0.0,0.0009944003174101935,290,0.0,0.0,0.95,0.0
1,1,1,22,M_Y_day5_fourSC_afternoon,0.0,0.0009944003174101935,290,0.0,0.0,0.95,0.0
1,1,1,23,M_Y_day5_anticipated_affect,0.0,0.0009944003174101935,290,0.0,0.0,0.95,0.0
1,1,1,24,M_Y_day6_fourSC_morning,0.0,0.0009944003174101935,290,0.0,0.0,0.95,0.0
1,1,1,25,M_Y_day6_fourSC_afternoon,0.0,0.0009944003174101935,290,0.0,0.0,0.95,0.0
1,1,1,26,M_Y_day6_anticipated_affect,0.0,0.0009944003174101935,290,0.0,0.0,0.95,0.0
1,1,1,27,M_E_day1_pageview_morning,0.0,0.0009944003174101935,290,0.0,0.0,0.95,0.0
1,1,1,28,M_E_day1_pageview_afternoon,0.0,0.0009944003174101935,290,0.0,0.0,0.95,0.0
1,1,1,29,M_E_day1_morning_fitbit_wear,0.0,0.0009944003174101935,290,0.0,0.0,0.95,0.0
1,1,1,30,M_E_day1_daily_survey_complete,0.0,0.0009944003174101935,290,0.0,0.0,0.95,0.0
1,1,1,31,M_E_day2_pageview_morning,0.0,0.0009944003174101935,290,0.0,0.0,0.95,0.0
1,1,1,32,M_E_day2_pageview_afternoon,0.0,0.0009944003174101935,290,0.0,0.0,0.95,0.0
1,1,1,33,M_E_day2_morning_fitbit_wear,0.0,0.0009944003174101935,290,0.0,0.0,0.95,0.0
1,1,1,34,M_E_day2_daily_survey_complete,0.0,0.0009944003174101935,290,0.0,0.0,0.95,0.0
1,1,1,35,M_E_day3_pageview_morning,0.0,0.0009944003174101935,290,0.0,0.0,0.95,0.0
1,1,1,36,M_E_day3_pageview_afternoon,0.0,0.0009944003174101935,290,0.0,0.0,0.95,0.0
1,1,1,37,M_E_day3_morning_fitbit_wear,0.0,0.0009944003174101935,290,0.0,0.0,0.95,0.0
1,1,1,38,M_E_day3_daily_survey_complete,0.0,0.0009944003174101935,290,0.0,0.0,0.95,0.0
1,1,1,39,M_E_day4_pageview_morning,0.0,0.0009944003174101935,290,0.0,0.0,0.95,0.0
1,1,1,40,M_E_day4_pageview_afternoon,0.0,0.0009944003174101935,290,0.0,0.0,0.95,0.0
1,1,1,41,M_E_day4_morning_fitbit_wear,0.0,0.0009944003174101935,290,0.0,0.0,0.95,0.0
1,1,1,42,M_E_day4_daily_survey_complete,0.0,0.0009944003174101935,290,0.0,0.0,0.95,0.0
1,1,1,43,M_E_day5_pageview_morning,0.0,0.0009944003174101935,290,0.0,0.0,0.95,0.0
1,1,1,44,M_E_day5_pageview_afternoon,0.0,0.0009944003174101935,290,0.0,0.0,0.95,0.0
1,1,1,45,M_E_day5_morning_fitbit_wear,0.0,0.0009944003174101935,290,0.0,0.0,0.95,0.0
1,1,1,46,M_E_day5_daily_survey_complete,0.0,0.0009944003174101935,290,0.0,0.0,0.95,0.0
1,1,1,47,M_E_day6_pageview_morning,0.0,0.0009944003174101935,290,0.0,0.0,0.95,0.0
1,1,1,48,M_E_day6_pageview_afternoon,0.0,0.0009944003174101935,290,0.0,0.0,0.95,0.0
1,1,1,49,M_E_day6_morning_fitbit_wear,0.0,0.0009944003174101935,290,0.0,0.0,0.95,0.0
1,1,1,50,M_E_day6_daily_survey_complete,0.0,0.0009944003174101935,290,0.0,0.0,0.95,0.0
1,1,1,51,yesterday_step_count,0.02311414007718783,0.0009944003174101935,290,-0.026136098259981297,0.045992027597291624,0.95,0.018211047306262704
1,1,1,52,ema_step_count,-0.004412704522547817,0.0009944003174101935,290,-0.032748493623100186,0.022004106677308684,0.95,0.01268414217321298
1,1,1,53,prior2hour_step_count,0.006476516149169922,0.0009944003174101935,290,-0.010381063203375457,0.02429764346834279,0.95,0.00857862270914144
1,1,1,54,previous7days_rpa,0.11904536369052282,0.0009944003174101935,290,-0.0032339152787781936,0.23828945649112193,0.95,0.058512485073322934
1,1,1,55,active_status_fraction_7days,0.13132000625877044,0.0009944003174101935,290,0.006251510034952281,0.2808366588401402,0.95,0.07024590225809088
1,1,1,56,recent_burden,-0.005734287832804554,0.0009944003174101935,290,-0.03388943113253517,0.026202699619980445,0.95,0.015006289591493424
1,1,1,57,salience_yesterday,-0.01597163085438575,0.0009944003174101935,290,-0.052614252228192444,0.01699981629575935,0.95,0.018154706367086843
1,1,1,58,walk_interaction_7d,0.12811958306871365,0.0009944003174101935,290,-0.00741117185534168,0.29728471324603134,0.95,0.07683932816426041
1,1,1,59,A,0.003911948428482922,0.0009944003174101935,290,-0.013200529161220585,0.04852767111737962,0.95,0.015141407308875218
1,1,1,60,A*E_w,-0.0012385841423445895,0.0009944003174101935,290,-0.01413498431081597,0.009856179932376051,0.95,0.005755526918634072
1,1,1,61,A*CAE_avg_lastweek,0.003108961514544373,0.0009944003174101935,290,-0.00974487566376474,0.029184858041002296,0.95,0.009264523535673863
1,1,1,62,A*weekday_vs_weekend,0.0,0.0009944003174101935,290,0.0,0.0,0.95,0.0
1,1,1,63,A*slot_pm,0.0,0.0009944003174101935,290,0.0,0.0,0.95,0.0
1,1,1,64,A*weekday_vs_weekend*E_w,0.0,0.0009944003174101935,290,0.0,0.0,0.95,0.0
1,1,1,65,A*slot_pm*E_w,0.0,0.0009944003174101935,290,0.0,0.0,0.95,0.0
1,1,1,66,A*weekday_vs_weekend*CAE_avg_lastweek,0.0,0.0009944003174101935,290,0.0,0.0,0.95,0.0
1,1,1,67,A*slot_pm*CAE_avg_lastweek,0.0,0.0009944003174101935,290,0.0,0.0,0.95,0.0
1,1,1,68,A*yesterday_step_count,-0.0020078581136987665,0.0009944003174101935,290,-0.024504237302512784,0.012752429912137766,0.95,0.009294108786585587
1,1,1,69,A*ema_step_count,0.003342993395244424,0.0009944003174101935,290,-0.02513715391869406,0.03176563278448394,0.95,0.014462791397214812
1,1,1,70,A*prior2hour_step_count,-0.013152246973640655,0.0009944003174101935,290,-0.03159688403389578,0.011920862977185386,0.95,0.010430442117203653
1,1,1,71,A*previous7days_rpa,0.018775841238345786,0.0009944003174101935,290,-0.03957002979810811,0.05936396511951116,0.95,0.02589752150977937
1,1,1,72,A*active_status_fraction_7days,-0.00881069933707327,0.0009944003174101935,290,-0.05085886771468913,0.023163668624205734,0.95,0.01938117504508199
1,1,1,73,A*recent_burden,-0.00159399380999785,0.0009944003174101935,290,-0.019730371032279207,0.013655085540437274,0.95,0.008146098986112547
1,1,1,74,A*salience_yesterday,0.002026318377002344,0.0009944003174101935,290,-0.02196934873873028,0.016566733780539054,0.95,0.010065560826231681
1,1,1,75,A*walk_interaction_7d,0.030483164748275674,0.0009944003174101935,290,-0.024003064827188735,0.09061924349650627,0.95,0.029803937564429984
2,1,2,0,intercept,0.12860616576229283,0.006999106189993113,290,0.11283561028134119,0.3486454607330101,0.95,0.059925769529302855
2,1,2,1,weekday_vs_weekend,0.0,0.006999106189993113,290,0.0,0.0,0.95,0.0
2,1,2,2,slot_pm,0.12860616576229186,0.006999106189993113,290,0.11283561028134668,0.3486454607330292,0.95,0.059925769529302876
2,1,2,3,E_w,-0.0062498791300589895,0.006999106189993113,290,-0.037172974874891164,0.025562307468772562,0.95,0.01570213433424159
2,1,2,4,weekday_vs_weekend*E_w,0.0,0.006999106189993113,290,0.0,0.0,0.95,0.0
2,1,2,5,slot_pm*E_w,-0.006249879130058989,0.006999106189993113,290,-0.037172974874892545,0.025562307468771594,0.95,0.015702134334241585
2,1,2,6,CAE_avg_lastweek,0.32313084970571937,0.006999106189993113,290,0.21155657517107246,0.387741037577572,0.95,0.045450605835279295
2,1,2,7,weekday_vs_weekend*CAE_avg_lastweek,0.0,0.006999106189993113,290,0.0,0.0,0.95,0.0
2,1,2,8,slot_pm*CAE_avg_lastweek,0.3231308497057148,0.006999106189993113,290,0.2115565751710754,0.3877410375775774,0.95,0.045450605835279184
2,1,2,9,M_Y_day1_fourSC_morning,-0.0056997355098729755,0.006999106189993113,290,-0.06164834278543065,0.06306055011596204,0.95,0.032510506287437735
2,1,2,10,M_Y_day1_fourSC_afternoon,0.0,0.006999106189993113,290,0.0,0.0,0.95,0.0
2,1,2,11,M_Y_day1_anticipated_affect,0.0,0.006999106189993113,290,0.0,0.0,0.95,0.0
2,1,2,12,M_Y_day2_fourSC_morning,0.0,0.006999106189993113,290,0.0,0.0,0.95,0.0
2,1,2,13,M_Y_day2_fourSC_afternoon,0.0,0.006999106189993113,290,0.0,0.0,0.95,0.0
2,1,2,14,M_Y_day2_anticipated_affect,0.0,0.006999106189993113,290,0.0,0.0,0.95,0.0
2,1,2,15,M_Y_day3_fourSC_morning,0.0,0.006999106189993113,290,0.0,0.0,0.95,0.0
2,1,2,16,M_Y_day3_fourSC_afternoon,0.0,0.006999106189993113,290,0.0,0.0,0.95,0.0
2,1,2,17,M_Y_day3_anticipated_affect,0.0,0.006999106189993113,290,0.0,0.0,0.95,0.0
2,1,2,18,M_Y_day4_fourSC_morning,0.0,0.006999106189993113,290,0.0,0.0,0.95,0.0
2,1,2,19,M_Y_day4_fourSC_afternoon,0.0,0.006999106189993113,290,0.0,0.0,0.95,0.0
2,1,2,20,M_Y_day4_anticipated_affect,0.0,0.006999106189993113,290,0.0,0.0,0.95,0.0
2,1,2,21,M_Y_day5_fourSC_morning,0.0,0.006999106189993113,290,0.0,0.0,0.95,0.0
2,1,2,22,M_Y_day5_fourSC_afternoon,0.0,0.006999106189993113,290,0.0,0.0,0.95,0.0
2,1,2,23,M_Y_day5_anticipated_affect,0.0,0.006999106189993113,290,0.0,0.0,0.95,0.0
2,1,2,24,M_Y_day6_fourSC_morning,0.0,0.006999106189993113,290,0.0,0.0,0.95,0.0
2,1,2,25,M_Y_day6_fourSC_afternoon,0.0,0.006999106189993113,290,0.0,0.0,0.95,0.0
2,1,2,26,M_Y_day6_anticipated_affect,0.0,0.006999106189993113,290,0.0,0.0,0.95,0.0
2,1,2,27,M_E_day1_pageview_morning,0.02190508807010119,0.006999106189993113,290,-0.011261816210116151,0.06056011434897021,0.95,0.017748833472264067
2,1,2,28,M_E_day1_pageview_afternoon,0.0,0.006999106189993113,290,0.0,0.0,0.95,0.0
2,1,2,29,M_E_day1_morning_fitbit_wear,0.0,0.006999106189993113,290,0.0,0.0,0.95,0.0
2,1,2,30,M_E_day1_daily_survey_complete,0.0,0.006999106189993113,290,0.0,0.0,0.95,0.0
2,1,2,31,M_E_day2_pageview_morning,0.0,0.006999106189993113,290,0.0,0.0,0.95,0.0
2,1,2,32,M_E_day2_pageview_afternoon,0.0,0.006999106189993113,290,0.0,0.0,0.95,0.0
2,1,2,33,M_E_day2_morning_fitbit_wear,0.0,0.006999106189993113,290,0.0,0.0,0.95,0.0
2,1,2,34,M_E_day2_daily_survey_complete,0.0,0.006999106189993113,290,0.0,0.0,0.95,0.0
2,1,2,35,M_E_day3_pageview_morning,0.0,0.006999106189993113,290,0.0,0.0,0.95,0.0
2,1,2,36,M_E_day3_pageview_afternoon,0.0,0.006999106189993113,290,0.0,0.0,0.95,0.0
2,1,2,37,M_E_day3_morning_fitbit_wear,0.0,0.006999106189993113,290,0.0,0.0,0.95,0.0
2,1,2,38,M_E_day3_daily_survey_complete,0.0,0.006999106189993113,290,0.0,0.0,0.95,0.0
2,1,2,39,M_E_day4_pageview_morning,0.0,0.006999106189993113,290,0.0,0.0,0.95,0.0
2,1,2,40,M_E_day4_pageview_afternoon,0.0,0.006999106189993113,290,0.0,0.0,0.95,0.0
2,1,2,41,M_E_day4_morning_fitbit_wear,0.0,0.006999106189993113,290,0.0,0.0,0.95,0.0
2,1,2,42,M_E_day4_daily_survey_complete,0.0,0.006999106189993113,290,0.0,0.0,0.95,0.0
2,1,2,43,M_E_day5_pageview_morning,0.0,0.006999106189993113,290,0.0,0.0,0.95,0.0
2,1,2,44,M_E_day5_pageview_afternoon,0.0,0.006999106189993113,290,0.0,0.0,0.95,0.0
2,1,2,45,M_E_day5_morning_fitbit_wear,0.0,0.006999106189993113,290,0.0,0.0,0.95,0.0
2,1,2,46,M_E_day5_daily_survey_complete,0.0,0.006999106189993113,290,0.0,0.0,0.95,0.0
2,1,2,47,M_E_day6_pageview_morning,0.0,0.006999106189993113,290,0.0,0.0,0.95,0.0
2,1,2,48,M_E_day6_pageview_afternoon,0.0,0.006999106189993113,290,0.0,0.0,0.95,0.0
2,1,2,49,M_E_day6_morning_fitbit_wear,0.0,0.006999106189993113,290,0.0,0.0,0.95,0.0
2,1,2,50,M_E_day6_daily_survey_complete,0.0,0.006999106189993113,290,0.0,0.0,0.95,0.0
2,1,2,51,yesterday_step_count,0.03611859175845692,0.006999106189993113,290,-0.009652285167893347,0.060020561121721015,0.95,0.017803613628821612
2,1,2,52,ema_step_count,-0.04110043872041427,0.006999106189993113,290,-0.11630700326812092,0.00875329930550137,0.95,0.03173116732944832
2,1,2,53,prior2hour_step_count,0.02308018686384205,0.006999106189993113,290,-0.0012255589827123922,0.05281775964216806,0.95,0.014170011093235488
2,1,2,54,previous7days_rpa,0.12433539282381934,0.006999106189993113,290,-0.010619256194589024,0.26432318602111177,0.95,0.0699345752251892
2,1,2,55,active_status_fraction_7days,0.14687985065060055,0.006999106189993113,290,-0.020325105978469097,0.31246832295829224,0.95,0.08456141256308475
2,1,2,56,recent_burden,-0.010830460477417548,0.006999106189993113,290,-0.038829815244108334,0.02063830478957609,0.95,0.015045674794059709
2,1,2,57,salience_yesterday,-0.021184770139645037,0.006999106189993113,290,-0.07349381958916526,0.00969484800336193,0.95,0.021263125222945642
2,1,2,58,walk_interaction_7d,0.13252613998962726,0.006999106189993113,290,-0.028817280360946777,0.3235917050925928,0.95,0.09009113783805231
2,1,2,59,A,0.003483969643218234,0.006999106189993113,290,-0.03237056645514287,0.05120473431296641,0.95,0.022601014077995068
2,1,2,60,A*E_w,-0.0035352616195314,0.006999106189993113,290,-0.021509809478959856,0.005208810485465112,0.95,0.00722423945036619
2,1,2,61,A*CAE_avg_lastweek,0.0028492593067012324,0.006999106189993113,290,-0.013445736759254468,0.019510721360662345,0.95,0.008547249911201515
2,1,2,62,A*weekday_vs_weekend,0.0,0.006999106189993113,290,0.0,0.0,0.95,0.0
2,1,2,63,A*slot_pm,0.0034839696432184502,0.006999106189993113,290,-0.03237056645514289,0.05120473431296679,0.95,0.022601014077995057
2,1,2,64,A*weekday_vs_weekend*E_w,0.0,0.006999106189993113,290,0.0,0.0,0.95,0.0
2,1,2,65,A*slot_pm*E_w,-0.003535261619531051,0.006999106189993113,290,-0.02150980947896068,0.005208810485467254,0.95,0.007224239450366125
2,1,2,66,A*weekday_vs_weekend*CAE_avg_lastweek,0.0,0.006999106189993113,290,0.0,0.0,0.95,0.0
2,1,2,67,A*slot_pm*CAE_avg_lastweek,0.0028492593067012267,0.006999106189993113,290,-0.013445736759254546,0.01951072136066226,0.95,0.00854724991120151
2,1,2,68,A*yesterday_step_count,0.004064199771340754,0.006999106189993113,290,-0.02258194653097389,0.05060361838193612,0.95,0.018174402075223396
2,1,2,69,A*ema_step_count,0.014939470791374827,0.006999106189993113,290,-0.05202903493149537,0.08712635652128184,0.95,0.03413935562984388
2,1,2,70,A*prior2hour_step_count,-0.032695651503191196,0.006999106189993113,290,-0.07728036771818929,0.007185906199827983,0.95,0.021196318026516833
2,1,2,71,A*previous7days_rpa,-0.022896845174368942,0.006999106189993113,290,-0.11511925171801554,0.051054504555896225,0.95,0.0413556471317464
2,1,2,72,A*active_status_fraction_7days,-0.011254071154405245,0.006999106189993113,290,-0.08075512410970555,0.06876061318078174,0.95,0.03883851986085982
2,1,2,73,A*recent_burden,0.017870077310792997,0.006999106189993113,290,-0.008997024610238134,0.04467857943253292,0.95,0.013296291113998986
2,1,2,74,A*salience_yesterday,0.015592384566978874,0.006999106189993113,290,-0.023589710851748203,0.06405641421311122,0.95,0.021864519881597565
2,1,2,75,A*walk_interaction_7d,-0.05614812938236718,0.006999106189993113,290,-0.15135143938414544,0.01217824532508008,0.95,0.040501639144619815
3,2,1,0,intercept,0.023284776384999498,0.0008869836273941462,290,-0.011616857135992836,0.3615296817176236,0.95,0.09328348413506905
3,2,1,1,weekday_vs_weekend,0.0,0.0008869836273941462,290,0.0,0.0,0.95,0.0
3,2,1,2,slot_pm,0.0,0.0008869836273941462,290,0.0,0.0,0.95,0.0
3,2,1,3,E_w,-0.012453499423123291,0.0008869836273941462,290,-0.07887048921471591,0.04309107612676829,0.95,0.030181507888038927
3,2,1,4,weekday_vs_weekend*E_w,0.0,0.0008869836273941462,290,0.0,0.0,0.95,0.0
3,2,1,5,slot_pm*E_w,0.0,0.0008869836273941462,290,0.0,0.0,0.95,0.0
3,2,1,6,CAE_avg_lastweek,0.5710968524349872,0.0008869836273941462,290,0.3527055424947581,0.6973283616280496,0.95,0.08850897589159573
3,2,1,7,weekday_vs_weekend*CAE_avg_lastweek,0.0,0.0008869836273941462,290,0.0,0.0,0.95,0.0
3,2,1,8,slot_pm*CAE_avg_lastweek,0.0,0.0008869836273941462,290,0.0,0.0,0.95,0.0
3,2,1,9,M_Y_day1_fourSC_morning,-0.023570736621061412,0.0008869836273941462,290,-0.07964546454362861,0.04978546915501862,0.95,0.03310665056944104
3,2,1,10,M_Y_day1_fourSC_afternoon,-0.011063977900235939,0.0008869836273941462,290,-0.08359373895181657,0.0665493995941304,0.95,0.03747633034655
3,2,1,11,M_Y_day1_anticipated_affect,0.43819345616326244,0.0008869836273941462,290,0.2731703337438517,0.697055889399083,0.95,0.11156766882749262
3,2,1,12,M_Y_day2_fourSC_morning,0.0,0.0008869836273941462,290,0.0,0.0,0.95,0.0
3,2,1,13,M_Y_day2_fourSC_afternoon,0.0,0.0008869836273941462,290,0.0,0.0,0.95,0.0
3,2,1,14,M_Y_day2_anticipated_affect,0.0,0.0008869836273941462,290,0.0,0.0,0.95,0.0
3,2,1,15,M_Y_day3_fourSC_morning,0.0,0.0008869836273941462,290,0.0,0.0,0.95,0.0
3,2,1,16,M_Y_day3_fourSC_afternoon,0.0,0.0008869836273941462,290,0.0,0.0,0.95,0.0
3,2,1,17,M_Y_day3_anticipated_affect,0.0,0.0008869836273941462,290,0.0,0.0,0.95,0.0
3,2,1,18,M_Y_day4_fourSC_morning,0.0,0.0008869836273941462,290,0.0,0.0,0.95,0.0
3,2,1,19,M_Y_day4_fourSC_afternoon,0.0,0.0008869836273941462,290,0.0,0.0,0.95,0.0
3,2,1,20,M_Y_day4_anticipated_affect,0.0,0.0008869836273941462,290,0.0,0.0,0.95,0.0
3,2,1,21,M_Y_day5_fourSC_morning,0.0,0.0008869836273941462,290,0.0,0.0,0.95,0.0
3,2,1,22,M_Y_day5_fourSC_afternoon,0.0,0.0008869836273941462,290,0.0,0.0,0.95,0.0
3,2,1,23,M_Y_day5_anticipated_affect,0.0,0.0008869836273941462,290,0.0,0.0,0.95,0.0
3,2,1,24,M_Y_day6_fourSC_morning,0.0,0.0008869836273941462,290,0.0,0.0,0.95,0.0
3,2,1,25,M_Y_day6_fourSC_afternoon,0.0,0.0008869836273941462,290,0.0,0.0,0.95,0.0
3,2,1,26,M_Y_day6_anticipated_affect,0.0,0.0008869836273941462,290,0.0,0.0,0.95,0.0
3,2,1,27,M_E_day1_pageview_morning,0.03540714459069795,0.0008869836273941462,290,-0.0016008369541811278,0.07650596947547227,0.95,0.019409919775804314
3,2,1,28,M_E_day1_pageview_afternoon,-0.03575139555194856,0.0008869836273941462,290,-0.09042189438384908,0.014697176775433822,0.95,0.027104441210446674
3,2,1,29,M_E_day1_morning_fitbit_wear,-0.017337704983496093,0.0008869836273941462,290,-0.08523233771316144,0.11153031488295839,0.95,0.049133548887138
3,2,1,30,M_E_day1_daily_survey_complete,0.013496530293467299,0.0008869836273941462,290,-0.06589590681320781,0.1022831290135829,0.95,0.041543316180865986
3,2,1,31,M_E_day2_pageview_morning,0.0,0.0008869836273941462,290,0.0,0.0,0.95,0.0
3,2,1,32,M_E_day2_pageview_afternoon,0.0,0.0008869836273941462,290,0.0,0.0,0.95,0.0
3,2,1,33,M_E_day2_morning_fitbit_wear,0.0,0.0008869836273941462,290,0.0,0.0,0.95,0.0
3,2,1,34,M_E_day2_daily_survey_complete,0.0,0.0008869836273941462,290,0.0,0.0,0.95,0.0
3,2,1,35,M_E_day3_pageview_morning,0.0,0.0008869836273941462,290,0.0,0.0,0.95,0.0
3,2,1,36,M_E_day3_pageview_afternoon,0.0,0.0008869836273941462,290,0.0,0.0,0.95,0.0
3,2,1,37,M_E_day3_morning_fitbit_wear,0.0,0.0008869836273941462,290,0.0,0.0,0.95,0.0
3,2,1,38,M_E_day3_daily_survey_complete,0.0,0.0008869836273941462,290,0.0,0.0,0.95,0.0
3,2,1,39,M_E_day4_pageview_morning,0.0,0.0008869836273941462,290,0.0,0.0,0.95,0.0
3,2,1,40,M_E_day4_pageview_afternoon,0.0,0.0008869836273941462,290,0.0,0.0,0.95,0.0
3,2,1,41,M_E_day4_morning_fitbit_wear,0.0,0.0008869836273941462,290,0.0,0.0,0.95,0.0
3,2,1,42,M_E_day4_daily_survey_complete,0.0,0.0008869836273941462,290,0.0,0.0,0.95,0.0
3,2,1,43,M_E_day5_pageview_morning,0.0,0.0008869836273941462,290,0.0,0.0,0.95,0.0
3,2,1,44,M_E_day5_pageview_afternoon,0.0,0.0008869836273941462,290,0.0,0.0,0.95,0.0
3,2,1,45,M_E_day5_morning_fitbit_wear,0.0,0.0008869836273941462,290,0.0,0.0,0.95,0.0
3,2,1,46,M_E_day5_daily_survey_complete,0.0,0.0008869836273941462,290,0.0,0.0,0.95,0.0
3,2,1,47,M_E_day6_pageview_morning,0.0,0.0008869836273941462,290,0.0,0.0,0.95,0.0
3,2,1,48,M_E_day6_pageview_afternoon,0.0,0.0008869836273941462,290,0.0,0.0,0.95,0.0
3,2,1,49,M_E_day6_morning_fitbit_wear,0.0,0.0008869836273941462,290,0.0,0.0,0.95,0.0
3,2,1,50,M_E_day6_daily_survey_complete,0.0,0.0008869836273941462,290,0.0,0.0,0.95,0.0
3,2,1,51,yesterday_step_count,0.015445786450111229,0.0008869836273941462,290,-0.02337071403942058,0.04456478861785078,0.95,0.017088583584643904
3,2,1,52,ema_step_count,0.004165436872200067,0.0008869836273941462,290,-0.022809328187296418,0.025790230596461215,0.95,0.01175279536254567
3,2,1,53,prior2hour_step_count,0.003899214478363995,0.0008869836273941462,290,-0.015545379283606277,0.0279860186721535,0.95,0.01081442316493992
3,2,1,54,previous7days_rpa,0.07966289140659041,0.0008869836273941462,290,-0.044465119461188196,0.2156928822167842,0.95,0.06624029422833318
3,2,1,55,active_status_fraction_7days,0.14786140268878928,0.0008869836273941462,290,0.03125021029749483,0.2834351315564988,0.95,0.06489276507649708
3,2,1,56,recent_burden,-0.0015744856163853595,0.0008869836273941462,290,-0.031734394296355155,0.026457757086093135,0.95,0.015387204296685005
3,2,1,57,salience_yesterday,0.018194115554300706,0.0008869836273941462,290,-0.00782924674419985,0.05706591643463861,0.95,0.01629518974982331
3,2,1,58,walk_interaction_7d,-0.010450405921360524,0.0008869836273941462,290,-0.12582819896769654,0.1356656379763746,0.95,0.06748809906343481
3,2,1,59,A,-0.019673171075095825,0.0008869836273941462,290,-0.043997858750941525,0.026775293621732796,0.95,0.018497898825161896
3,2,1,60,A*E_w,0.0013335050902643431,0.0008869836273941462,290,-0.009246023863589385,0.013260548839950264,0.95,0.005606069081875516
3,2,1,61,A*CAE_avg_lastweek,0.00822455339064541,0.0008869836273941462,290,-0.004116771364251975,0.03831697607289328,0.95,0.01128605841219758
3,2,1,62,A*weekday_vs_weekend,0.0,0.0008869836273941462,290,0.0,0.0,0.95,0.0
3,2,1,63,A*slot_pm,0.0,0.0008869836273941462,290,0.0,0.0,0.95,0.0
3,2,1,64,A*weekday_vs_weekend*E_w,0.0,0.0008869836273941462,290,0.0,0.0,0.95,0.0
3,2,1,65,A*slot_pm*E_w,0.0,0.0008869836273941462,290,0.0,0.0,0.95,0.0
3,2,1,66,A*weekday_vs_weekend*CAE_avg_lastweek,0.0,0.0008869836273941462,290,0.0,0.0,0.95,0.0
3,2,1,67,A*slot_pm*CAE_avg_lastweek,0.0,0.0008869836273941462,290,0.0,0.0,0.95,0.0
3,2,1,68,A*yesterday_step_count,-0.009154891572699489,0.0008869836273941462,290,-0.03263573248004157,0.011627512900045106,0.95,0.011093709966859218
3,2,1,69,A*ema_step_count,0.0018694420143712592,0.0008869836273941462,290,-0.013614503894419374,0.025029387608629244,0.95,0.010143851628428301
3,2,1,70,A*prior2hour_step_count,-0.007381775235420474,0.0008869836273941462,290,-0.032405333654755376,0.013929263430477776,0.95,0.01157635403029578
3,2,1,71,A*previous7days_rpa,-0.028283287606945488,0.0008869836273941462,290,-0.10693460652959765,0.033464279250942454,0.95,0.03393459641900754
3,2,1,72,A*active_status_fraction_7days,0.020114514200514026,0.0008869836273941462,290,-0.028010608216553372,0.04270521648439842,0.95,0.018972189313089645
3,2,1,73,A*recent_burden,-0.002761115252124342,0.0008869836273941462,290,-0.014700602780793859,0.01028741819940568,0.95,0.006310130235409787
3,2,1,74,A*salience_yesterday,0.014753341294129052,0.0008869836273941462,290,-0.017510589571721507,0.042446784521472714,0.95,0.015368903629318531
3,2,1,75,A*walk_interaction_7d,0.06330816944838841,0.0008869836273941462,290,-0.036357791937635935,0.13089154817552143,0.95,0.04181394530340315
4,2,2,0,intercept,0.004543565344236749,0.003824956071179842,290,-0.02193884698078459,0.19422407751584728,0.95,0.05323437208498887
4,2,2,1,weekday_vs_weekend,0.0,0.003824956071179842,290,0.0,0.0,0.95,0.0
4,2,2,2,slot_pm,0.004543565344224729,0.003824956071179842,290,-0.0219388469807901,0.19422407751585463,0.95,0.05323437208498795
4,2,2,3,E_w,-0.004352110572180904,0.003824956071179842,290,-0.040185345394038424,0.023985358571781083,0.95,0.01607118735709155
4,2,2,4,weekday_vs_weekend*E_w,0.0,0.003824956071179842,290,0.0,0.0,0.95,0.0
4,2,2,5,slot_pm*E_w,-0.004352110572183885,0.003824956071179842,290,-0.04018534539403303,0.023985358571788188,0.95,0.01607118735709184
4,2,2,6,CAE_avg_lastweek,0.2976961370169239,0.003824956071179842,290,0.1794938708489724,0.3664881656935072,0.95,0.04689541714732319
4,2,2,7,weekday_vs_weekend*CAE_avg_lastweek,0.0,0.003824956071179842,290,0.0,0.0,0.95,0.0
4,2,2,8,slot_pm*CAE_avg_lastweek,0.29769613701692027,0.003824956071179842,290,0.1794938708489786,0.3664881656935126,0.95,0.04689541714732316
4,2,2,9,M_Y_day1_fourSC_morning,-0.027146694635209762,0.003824956071179842,290,-0.08409848033274389,0.053037532882072067,0.95,0.03465698726630438
4,2,2,10,M_Y_day1_fourSC_afternoon,-0.015001994127212473,0.003824956071179842,290,-0.08935448919256016,0.07052258817921793,0.95,0.03979226366664298
4,2,2,11,M_Y_day1_anticipated_affect,0.5061261531523428,0.003824956071179842,290,0.2889647970247436,0.8074581122378692,0.95,0.13439687929582497
4,2,2,12,M_Y_day2_fourSC_morning,0.004481624824255043,0.003824956071179842,290,-0.08896489168083967,0.0875355041415717,0.95,0.04328805073072367
4,2,2,13,M_Y_day2_fourSC_afternoon,0.0,0.003824956071179842,290,0.0,0.0,0.95,0.0
4,2,2,14,M_Y_day2_anticipated_affect,0.0,0.003824956071179842,290,0.0,0.0,0.95,0.0
4,2,2,15,M_Y_day3_fourSC_morning,0.0,0.003824956071179842,290,0.0,0.0,0.95,0.0
4,2,2,16,M_Y_day3_fourSC_afternoon,0.0,0.003824956071179842,290,0.0,0.0,0.95,0.0
4,2,2,17,M_Y_day3_anticipated_affect,0.0,0.003824956071179842,290,0.0,0.0,0.95,0.0
4,2,2,18,M_Y_day4_fourSC_morning,0.0,0.003824956071179842,290,0.0,0.0,0.95,0.0
4,2,2,19,M_Y_day4_fourSC_afternoon,0.0,0.003824956071179842,290,0.0,0.0,0.95,0.0
4,2,2,20,M_Y_day4_anticipated_affect,0.0,0.003824956071179842,290,0.0,0.0,0.95,0.0
4,2,2,21,M_Y_day5_fourSC_morning,0.0,0.003824956071179842,290,0.0,0.0,0.95,0.0
4,2,2,22,M_Y_day5_fourSC_afternoon,0.0,0.003824956071179842,290,0.0,0.0,0.95,0.0
4,2,2,23,M_Y_day5_anticipated_affect,0.0,0.003824956071179842,290,0.0,0.0,0.95,0.0
4,2,2,24,M_Y_day6_fourSC_morning,0.0,0.003824956071179842,290,0.0,0.0,0.95,0.0
4,2,2,25,M_Y_day6_fourSC_afternoon,0.0,0.003824956071179842,290,0.0,0.0,0.95,0.0
4,2,2,26,M_Y_day6_anticipated_affect,0.0,0.003824956071179842,290,0.0,0.0,0.95,0.0
4,2,2,27,M_E_day1_pageview_morning,0.034076090352846033,0.003824956071179842,290,-0.003381042613959863,0.07651289886079038,0.95,0.02014293144439778
4,2,2,28,M_E_day1_pageview_afternoon,-0.04274138910724476,0.003824956071179842,290,-0.1003845659127924,0.011928103950570838,0.95,0.028587682520036208
4,2,2,29,M_E_day1_morning_fitbit_wear,-0.02943389991996417,0.003824956071179842,290,-0.10145421899967248,0.11250981984529305,0.95,0.052506912096742124
4,2,2,30,M_E_day1_daily_survey_complete,0.013773482931100837,0.003824956071179842,290,-0.06991557976519126,0.10594890267317646,0.95,0.044269680255013585
4,2,2,31,M_E_day2_pageview_morning,0.04192021107698826,0.003824956071179842,290,-0.011421708567923076,0.08266355490280278,0.95,0.024323837750121095
4,2,2,32,M_E_day2_pageview_afternoon,0.0,0.003824956071179842,290,0.0,0.0,0.95,0.0
4,2,2,33,M_E_day2_morning_fitbit_wear,0.0,0.003824956071179842,290,0.0,0.0,0.95,0.0
4,2,2,34,M_E_day2_daily_survey_complete,0.0,0.003824956071179842,290,0.0,0.0,0.95,0.0
4,2,2,35,M_E_day3_pageview_morning,0.0,0.003824956071179842,290,0.0,0.0,0.95,0.0
4,2,2,36,M_E_day3_pageview_afternoon,0.0,0.003824956071179842,290,0.0,0.0,0.95,0.0
4,2,2,37,M_E_day3_morning_fitbit_wear,0.0,0.003824956071179842,290,0.0,0.0,0.95,0.0
4,2,2,38,M_E_day3_daily_survey_complete,0.0,0.003824956071179842,290,0.0,0.0,0.95,0.0
4,2,2,39,M_E_day4_pageview_morning,0.0,0.003824956071179842,290,0.0,0.0,0.95,0.0
4,2,2,40,M_E_day4_pageview_afternoon,0.0,0.003824956071179842,290,0.0,0.0,0.95,0.0
4,2,2,41,M_E_day4_morning_fitbit_wear,0.0,0.003824956071179842,290,0.0,0.0,0.95,0.0
4,2,2,42,M_E_day4_daily_survey_complete,0.0,0.003824956071179842,290,0.0,0.0,0.95,0.0
4,2,2,43,M_E_day5_pageview_morning,0.0,0.003824956071179842,290,0.0,0.0,0.95,0.0
4,2,2,44,M_E_day5_pageview_afternoon,0.0,0.003824956071179842,290,0.0,0.0,0.95,0.0
4,2,2,45,M_E_day5_morning_fitbit_wear,0.0,0.003824956071179842,290,0.0,0.0,0.95,0.0
4,2,2,46,M_E_day5_daily_survey_complete,0.0,0.003824956071179842,290,0.0,0.0,0.95,0.0
4,2,2,47,M_E_day6_pageview_morning,0.0,0.003824956071179842,290,0.0,0.0,0.95,0.0
4,2,2,48,M_E_day6_pageview_afternoon,0.0,0.003824956071179842,290,0.0,0.0,0.95,0.0
4,2,2,49,M_E_day6_morning_fitbit_wear,0.0,0.003824956071179842,290,0.0,0.0,0.95,0.0
4,2,2,50,M_E_day6_daily_survey_complete,0.0,0.003824956071179842,290,0.0,0.0,0.95,0.0
4,2,2,51,yesterday_step_count,0.013597837143753061,0.003824956071179842,290,-0.03263470283713428,0.04854305754368602,0.95,0.01954779765547527
4,2,2,52,ema_step_count,0.01307287081527884,0.003824956071179842,290,-0.034480995010009646,0.06562235669735096,0.95,0.025514249073268904
4,2,2,53,prior2hour_step_count,-0.013528979566925517,0.003824956071179842,290,-0.04380397488002575,0.015024816941642014,0.95,0.0144195154346714
4,2,2,54,previous7days_rpa,0.0372679226124685,0.003824956071179842,290,-0.08873277723414386,0.15936091127567198,0.95,0.06439768463220658
4,2,2,55,active_status_fraction_7days,0.16803327488392053,0.003824956071179842,290,0.006866157624984603,0.305959372695672,0.95,0.07541407373584712
4,2,2,56,recent_burden,0.0008103883194785375,0.003824956071179842,290,-0.03330972881895102,0.03592106574734782,0.95,0.017469064472651993
4,2,2,57,salience_yesterday,0.018525528184404862,0.003824956071179842,290,-0.015839306657361628,0.053805820085121865,0.95,0.01689870046108099
4,2,2,58,walk_interaction_7d,-0.009240890824308024,0.003824956071179842,290,-0.15652588452444166,0.14892726302048426,0.95,0.07622380253576924
4,2,2,59,A,0.004845889926837528,0.003824956071179842,290,-0.028268626507923333,0.034124359959901235,0.95,0.015737551905297225
4,2,2,60,A*E_w,-0.004589127674475181,0.003824956071179842,290,-0.015270069230579138,0.007211543145796112,0.95,0.005778791665289489
4,2,2,61,A*CAE_avg_lastweek,0.014425685181610807,0.003824956071179842,290,0.0015983176413245203,0.03644204268513585,0.95,0.008614343497125828
4,2,2,62,A*weekday_vs_weekend,0.0,0.003824956071179842,290,0.0,0.0,0.95,0.0
4,2,2,63,A*slot_pm,0.004845889926837821,0.003824956071179842,290,-0.02826862650792335,0.03412435995990098,0.95,0.015737551905297242
4,2,2,64,A*weekday_vs_weekend*E_w,0.0,0.003824956071179842,290,0.0,0.0,0.95,0.0
4,2,2,65,A*slot_pm*E_w,-0.004589127674475176,0.003824956071179842,290,-0.015270069230578111,0.007211543145795576,0.95,0.005778791665289474
4,2,2,66,A*weekday_vs_weekend*CAE_avg_lastweek,0.0,0.003824956071179842,290,0.0,0.0,0.95,0.0
4,2,2,67,A*slot_pm*CAE_avg_lastweek,0.01442568518161085,0.003824956071179842,290,0.0015983176413245,0.03644204268513585,0.95,0.008614343497125834
4,2,2,68,A*yesterday_step_count,-0.0036811521736029,0.003824956071179842,290,-0.043333767543228915,0.03979930361189935,0.95,0.02136030722587063
4,2,2,69,A*ema_step_count,-0.00881230901420134,0.003824956071179842,290,-0.06653685763209412,0.04495945736917179,0.95,0.028225562969787833
4,2,2,70,A*prior2hour_step_count,0.015716655206867883,0.003824956071179842,290,-0.02184175322986077,0.049400404855221784,0.95,0.017529394245263376
4,2,2,71,A*previous7days_rpa,0.0323929310134301,0.003824956071179842,290,-0.06546894803671115,0.09278977792843798,0.95,0.04014942942175359
4,2,2,72,A*active_status_fraction_7days,-0.015693192502346777,0.003824956071179842,290,-0.08705889045623967,0.04732067188312243,0.95,0.03281595380246207
4,2,2,73,A*recent_burden,-0.003868984906405016,0.003824956071179842,290,-0.02640947144654086,0.01753665648475141,0.95,0.011067775629323665
4,2,2,74,A*salience_yesterday,-0.004562512734356108,0.003824956071179842,290,-0.04044940015585856,0.03656713622755329,0.95,0.01881182240961954
4,2,2,75,A*walk_interaction_7d,-0.014302783445092353,0.003824956071179842,290,-0.12648916368882573,0.0677267116543711,0.95,0.049921774525332405
5,3,1,0,intercept,-0.013222992740655857,0.002476333568750492,290,-0.12344077369054768,0.3551167720009154,0.95,0.12011988366401484
5,3,1,1,weekday_vs_weekend,0.0,0.002476333568750492,290,0.0,0.0,0.95,0.0
5,3,1,2,slot_pm,0.0,0.002476333568750492,290,0.0,0.0,0.95,0.0
5,3,1,3,E_w,-0.013874393129985252,0.002476333568750492,290,-0.0845374189718308,0.052498072720325736,0.95,0.0342772122338331
5,3,1,4,weekday_vs_weekend*E_w,0.0,0.002476333568750492,290,0.0,0.0,0.95,0.0
5,3,1,5,slot_pm*E_w,0.0,0.002476333568750492,290,0.0,0.0,0.95,0.0
5,3,1,6,CAE_avg_lastweek,0.6279021626431106,0.002476333568750492,290,0.3906184966074565,0.7577800440982418,0.95,0.09508966494171246
5,3,1,7,weekday_vs_weekend*CAE_avg_lastweek,0.0,0.002476333568750492,290,0.0,0.0,0.95,0.0
5,3,1,8,slot_pm*CAE_avg_lastweek,0.0,0.002476333568750492,290,0.0,0.0,0.95,0.0
5,3,1,9,M_Y_day1_fourSC_morning,-0.037367068561146584,0.002476333568750492,290,-0.0971578419451987,0.04745034628568581,0.95,0.03872418435974638
5,3,1,10,M_Y_day1_fourSC_afternoon,-0.04367733004783124,0.002476333568750492,290,-0.1365077559744042,0.05000008073933941,0.95,0.04665326215227694
5,3,1,11,M_Y_day1_anticipated_affect,0.361589836132013,0.002476333568750492,290,0.2157639584011763,0.571473284340688,0.95,0.09242797871779494
5,3,1,12,M_Y_day2_fourSC_morning,0.007133690907464495,0.002476333568750492,290,-0.09853998207481646,0.08992467696102617,0.95,0.04639953677574713
5,3,1,13,M_Y_day2_fourSC_afternoon,0.06448649499893407,0.002476333568750492,290,-0.030363345069121372,0.15346282698213048,0.95,0.04952350688547657
5,3,1,14,M_Y_day2_anticipated_affect,0.26147022469750963,0.002476333568750492,290,0.10396205144635517,0.5089099848389649,0.95,0.1028190181078033
5,3,1,15,M_Y_day3_fourSC_morning,0.0,0.002476333568750492,290,0.0,0.0,0.95,0.0
5,3,1,16,M_Y_day3_fourSC_afternoon,0.0,0.002476333568750492,290,0.0,0.0,0.95,0.0
5,3,1,17,M_Y_day3_anticipated_affect,0.0,0.002476333568750492,290,0.0,0.0,0.95,0.0
5,3,1,18,M_Y_day4_fourSC_morning,0.0,0.002476333568750492,290,0.0,0.0,0.95,0.0
5,3,1,19,M_Y_day4_fourSC_afternoon,0.0,0.002476333568750492,290,0.0,0.0,0.95,0.0
5,3,1,20,M_Y_day4_anticipated_affect,0.0,0.002476333568750492,290,0.0,0.0,0.95,0.0
5,3,1,21,M_Y_day5_fourSC_morning,0.0,0.002476333568750492,290,0.0,0.0,0.95,0.0
5,3,1,22,M_Y_day5_fourSC_afternoon,0.0,0.002476333568750492,290,0.0,0.0,0.95,0.0
5,3,1,23,M_Y_day5_anticipated_affect,0.0,0.002476333568750492,290,0.0,0.0,0.95,0.0
5,3,1,24,M_Y_day6_fourSC_morning,0.0,0.002476333568750492,290,0.0,0.0,0.95,0.0
5,3,1,25,M_Y_day6_fourSC_afternoon,0.0,0.002476333568750492,290,0.0,0.0,0.95,0.0
5,3,1,26,M_Y_day6_anticipated_affect,0.0,0.002476333568750492,290,0.0,0.0,0.95,0.0
5,3,1,27,M_E_day1_pageview_morning,0.04850424803327614,0.002476333568750492,290,0.004651820184894665,0.09933447731745226,0.95,0.02404546718356486
5,3,1,28,M_E_day1_pageview_afternoon,-0.04722574157017978,0.002476333568750492,290,-0.10413447032339879,0.008973804958293547,0.95,0.029051991654108576
5,3,1,29,M_E_day1_morning_fitbit_wear,0.04846811662319068,0.002476333568750492,290,-0.08125709393670312,0.18415056535451657,0.95,0.06586165219898928
5,3,1,30,M_E_day1_daily_survey_complete,0.021287335501831678,0.002476333568750492,290,-0.07062836296822392,0.12500319791049316,0.95,0.050524770788659724
5,3,1,31,M_E_day2_pageview_morning,0.04590389167040522,0.002476333568750492,290,-0.013862868212940261,0.08943208446762863,0.95,0.026040529890595108
5,3,1,32,M_E_day2_pageview_afternoon,-0.018671866128210635,0.002476333568750492,290,-0.08890892275964735,0.030685876485518116,0.95,0.029792513645682344
5,3,1,33,M_E_day2_morning_fitbit_wear,-0.10762039707910831,0.002476333568750492,290,-0.23155614361655266,0.07058019933043574,0.95,0.0760031830787758
5,3,1,34,M_E_day2_daily_survey_complete,-0.029154724811786648,0.002476333568750492,290,-0.1381456176950521,0.07999284687845604,0.95,0.05475461005501893
5,3,1,35,M_E_day3_pageview_morning,0.0,0.002476333568750492,290,0.0,0.0,0.95,0.0
5,3,1,36,M_E_day3_pageview_afternoon,0.0,0.002476333568750492,290,0.0,0.0,0.95,0.0
5,3,1,37,M_E_day3_morning_fitbit_wear,0.0,0.002476333568750492,290,0.0,0.0,0.95,0.0
5,3,1,38,M_E_day3_daily_survey_complete,0.0,0.002476333568750492,290,0.0,0.0,0.95,0.0
5,3,1,39,M_E_day4_pageview_morning,0.0,0.002476333568750492,290,0.0,0.0,0.95,0.0
5,3,1,40,M_E_day4_pageview_afternoon,0.0,0.002476333568750492,290,0.0,0.0,0.95,0.0
5,3,1,41,M_E_day4_morning_fitbit_wear,0.0,0.002476333568750492,290,0.0,0.0,0.95,0.0
5,3,1,42,M_E_day4_daily_survey_complete,0.0,0.002476333568750492,290,0.0,0.0,0.95,0.0
5,3,1,43,M_E_day5_pageview_morning,0.0,0.002476333568750492,290,0.0,0.0,0.95,0.0
5,3,1,44,M_E_day5_pageview_afternoon,0.0,0.002476333568750492,290,0.0,0.0,0.95,0.0
5,3,1,45,M_E_day5_morning_fitbit_wear,0.0,0.002476333568750492,290,0.0,0.0,0.95,0.0
5,3,1,46,M_E_day5_daily_survey_complete,0.0,0.002476333568750492,290,0.0,0.0,0.95,0.0
5,3,1,47,M_E_day6_pageview_morning,0.0,0.002476333568750492,290,0.0,0.0,0.95,0.0
5,3,1,48,M_E_day6_pageview_afternoon,0.0,0.002476333568750492,290,0.0,0.0,0.95,0.0
5,3,1,49,M_E_day6_morning_fitbit_wear,0.0,0.002476333568750492,290,0.0,0.0,0.95,0.0
5,3,1,50,M_E_day6_daily_survey_complete,0.0,0.002476333568750492,290,0.0,0.0,0.95,0.0
5,3,1,51,yesterday_step_count,0.01180535236744606,0.002476333568750492,290,-0.04938999371525502,0.07039668590970032,0.95,0.02999192971906947
5,3,1,52,ema_step_count,0.004087490361347833,0.002476333568750492,290,-0.01023980569692782,0.030234768115940808,0.95,0.009447326824578647
5,3,1,53,prior2hour_step_count,-0.013173606582737536,0.002476333568750492,290,-0.029340428781210987,0.005906588022912743,0.95,0.008656109813068701
5,3,1,54,previous7days_rpa,0.06600733946578212,0.002476333568750492,290,-0.10704077229706913,0.20860477483228887,0.95,0.08037810915989602
5,3,1,55,active_status_fraction_7days,0.1700115542099098,0.002476333568750492,290,-0.00181476193545589,0.33873667466607643,0.95,0.08756456063633285
5,3,1,56,recent_burden,0.002100114009818441,0.002476333568750492,290,-0.0469117134205887,0.036871525142652184,0.95,0.02120416512990658
5,3,1,57,salience_yesterday,0.015519430032126491,0.002476333568750492,290,-0.014864161427160091,0.050223040693659286,0.95,0.016962362958358096
5,3,1,58,walk_interaction_7d,-0.002051132051140675,0.002476333568750492,290,-0.1507874458885133,0.17106198980263307,0.95,0.08044875187126249
5,3,1,59,A,0.00948257721032674,0.002476333568750492,290,-0.025007311218459578,0.06736938265920295,0.95,0.023219910339439043
5,3,1,60,A*E_w,-0.00324132188035161,0.002476333568750492,290,-0.019090892917960147,0.010451771112153231,0.95,0.007213479262400171
5,3,1,61,A*CAE_avg_lastweek,-0.003656983243572832,0.002476333568750492,290,-0.030123834170465966,0.029045395152359342,0.95,0.014249473726106965
5,3,1,62,A*weekday_vs_weekend,0.0,0.002476333568750492,290,0.0,0.0,0.95,0.0
5,3,1,63,A*slot_pm,0.0,0.002476333568750492,290,0.0,0.0,0.95,0.0
5,3,1,64,A*weekday_vs_weekend*E_w,0.0,0.002476333568750492,290,0.0,0.0,0.95,0.0
5,3,1,65,A*slot_pm*E_w,0.0,0.002476333568750492,290,0.0,0.0,0.95,0.0
5,3,1,66,A*weekday_vs_weekend*CAE_avg_lastweek,0.0,0.002476333568750492,290,0.0,0.0,0.95,0.0
5,3,1,67,A*slot_pm*CAE_avg_lastweek,0.0,0.002476333568750492,290,0.0,0.0,0.95,0.0
5,3,1,68,A*yesterday_step_count,0.006320983139386295,0.002476333568750492,290,-0.009500283592120037,0.04835665789750597,0.95,0.01444825717878604
5,3,1,69,A*ema_step_count,0.0014967107473208845,0.002476333568750492,290,-0.042812051837349076,0.008297025359672947,0.95,0.012701674133752514
5,3,1,70,A*prior2hour_step_count,-2.867598142642103e-05,0.002476333568750492,290,-0.03463906200994749,0.02423299385138522,0.95,0.014803335710968637
5,3,1,71,A*previous7days_rpa,5.275984309899763e-07,0.002476333568750492,290,-0.06073968318256511,0.04828114135014036,0.95,0.02687835151111325
5,3,1,72,A*active_status_fraction_7days,-0.008919663537183214,0.002476333568750492,290,-0.08425393046204654,0.04139269504318059,0.95,0.03180127058986545
5,3,1,73,A*recent_burden,-0.004053371168843542,0.002476333568750492,290,-0.021811375413004548,0.0156845534063227,0.95,0.00929150728158601
5,3,1,74,A*salience_yesterday,-0.006822709263983833,0.002476333568750492,290,-0.03478747635085115,0.017870031672585468,0.95,0.014437994005290892
5,3,1,75,A*walk_interaction_7d,-0.017094979277973578,0.002476333568750492,290,-0.09265892247367367,0.08004717063246528,0.95,0.0426385297982331
6,3,2,0,intercept,-0.03251146617197867,0.007950733205923897,290,-0.08063117893955452,0.17406455973593266,0.95,0.06403333887641756
6,3,2,1,weekday_vs_weekend,0.0,0.007950733205923897,290,0.0,0.0,0.95,0.0
6,3,2,2,slot_pm,-0.03251146617197437,0.007950733205923897,290,-0.08063117893957625,0.1740645597359358,0.95,0.06403333887641759
6,3,2,3,E_w,-0.008254112976005794,0.007950733205923897,290,-0.047283917606479986,0.02643836938620746,0.95,0.018552180153467837
6,3,2,4,weekday_vs_weekend*E_w,0.0,0.007950733205923897,290,0.0,0.0,0.95,0.0
6,3,2,5,slot_pm*E_w,-0.008254112976008067,0.007950733205923897,290,-0.04728391760647258,0.026438369386210425,0.95,0.018552180153468
6,3,2,6,CAE_avg_lastweek,0.3318488545011904,0.007950733205923897,290,0.20985268370510374,0.4022126125680798,0.95,0.05017636537351875
6,3,2,7,weekday_vs_weekend*CAE_avg_lastweek,0.0,0.007950733205923897,290,0.0,0.0,0.95,0.0
6,3,2,8,slot_pm*CAE_avg_lastweek,0.3318488545011892,0.007950733205923897,290,0.20985268370510618,0.4022126125680811,0.95,0.05017636537351881
6,3,2,9,M_Y_day1_fourSC_morning,-0.013799212064348488,0.007950733205923897,290,-0.07868448255133338,0.06859130261784271,0.95,0.03898675571674726
6,3,2,10,M_Y_day1_fourSC_afternoon,-0.03602924805755922,0.007950733205923897,290,-0.14150239373186674,0.05998100828669131,0.95,0.051054097682603536
6,3,2,11,M_Y_day1_anticipated_affect,0.3916320257157953,0.007950733205923897,290,0.21858451160861483,0.6121772076147183,0.95,0.10089733601129354
6,3,2,12,M_Y_day2_fourSC_morning,0.01965850739620571,0.007950733205923897,290,-0.1028009581164948,0.10437353086994086,0.95,0.05038716783678646
6,3,2,13,M_Y_day2_fourSC_afternoon,0.06979908597046336,0.007950733205923897,290,-0.04853782336548866,0.17429575671979933,0.95,0.05767665209051529
6,3,2,14,M_Y_day2_anticipated_affect,0.2940774512250387,0.007950733205923897,290,0.1225594868424618,0.5828257582264307,0.95,0.11687476316088848
6,3,2,15,M_Y_day3_fourSC_morning,-0.06468349593649346,0.007950733205923897,290,-0.1303252773404901,0.0158021955572822,0.95,0.0367628812950547
6,3,2,16,M_Y_day3_fourSC_afternoon,0.0,0.007950733205923897,290,0.0,0.0,0.95,0.0
6,3,2,17,M_Y_day3_anticipated_affect,0.0,0.007950733205923897,290,0.0,0.0,0.95,0.0
6,3,2,18,M_Y_day4_fourSC_morning,0.0,0.007950733205923897,290,0.0,0.0,0.95,0.0
6,3,2,19,M_Y_day4_fourSC_afternoon,0.0,0.007950733205923897,290,0.0,0.0,0.95,0.0
6,3,2,20,M_Y_day4_anticipated_affect,0.0,0.007950733205923897,290,0.0,0.0,0.95,0.0
6,3,2,21,M_Y_day5_fourSC_morning,0.0,0.007950733205923897,290,0.0,0.0,0.95,0.0
6,3,2,22,M_Y_day5_fourSC_afternoon,0.0,0.007950733205923897,290,0.0,0.0,0.95,0.0
6,3,2,23,M_Y_day5_anticipated_affect,0.0,0.007950733205923897,290,0.0,0.0,0.95,0.0
6,3,2,24,M_Y_day6_fourSC_morning,0.0,0.007950733205923897,290,0.0,0.0,0.95,0.0
6,3,2,25,M_Y_day6_fourSC_afternoon,0.0,0.007950733205923897,290,0.0,0.0,0.95,0.0
6,3,2,26,M_Y_day6_anticipated_affect,0.0,0.007950733205923897,290,0.0,0.0,0.95,0.0
6,3,2,27,M_E_day1_pageview_morning,0.05782090274782879,0.007950733205923897,290,0.010979178542529886,0.11027518859371084,0.95,0.02637054665251436
6,3,2,28,M_E_day1_pageview_afternoon,-0.055259087342556516,0.007950733205923897,290,-0.11628843411556034,0.004524168772154207,0.95,0.030000542066286856
6,3,2,29,M_E_day1_morning_fitbit_wear,0.06694117168241939,0.007950733205923897,290,-0.06711979902192311,0.21068148154898542,0.95,0.07038082187528247
6,3,2,30,M_E_day1_daily_survey_complete,0.03019517575075129,0.007950733205923897,290,-0.0712253279822993,0.14611224821966395,0.95,0.055171881693470676
6,3,2,31,M_E_day2_pageview_morning,0.054713411168222106,0.007950733205923897,290,-0.00922633928980654,0.10182901456257289,0.95,0.02800550804881036
6,3,2,32,M_E_day2_pageview_afternoon,-0.016732796458759087,0.007950733205923897,290,-0.09275434399415168,0.03537217442141338,0.95,0.032010786628562354
6,3,2,33,M_E_day2_morning_fitbit_wear,-0.09916898894453915,0.007950733205923897,290,-0.2617332646176214,0.09840940552534407,0.95,0.08828997657299181
6,3,2,34,M_E_day2_daily_survey_complete,-0.04317202794867719,0.007950733205923897,290,-0.1645477362971231,0.07954264986272257,0.95,0.060821303036777415
6,3,2,35,M_E_day3_pageview_morning,-0.04538490911060274,0.007950733205923897,290,-0.13037226958257908,0.06260084380762651,0.95,0.04990467374308234
6,3,2,36,M_E_day3_pageview_afternoon,0.0,0.007950733205923897,290,0.0,0.0,0.95,0.0
6,3,2,37,M_E_day3_morning_fitbit_wear,0.0,0.007950733205923897,290,0.0,0.0,0.95,0.0
6,3,2,38,M_E_day3_daily_survey_complete,0.0,0.007950733205923897,290,0.0,0.0,0.95,0.0
6,3,2,39,M_E_day4_pageview_morning,0.0,0.007950733205923897,290,0.0,0.0,0.95,0.0
6,3,2,40,M_E_day4_pageview_afternoon,0.0,0.007950733205923897,290,0.0,0.0,0.95,0.0
6,3,2,41,M_E_day4_morning_fitbit_wear,0.0,0.007950733205923897,290,0.0,0.0,0.95,0.0
6,3,2,42,M_E_day4_daily_survey_complete,0.0,0.007950733205923897,290,0.0,0.0,0.95,0.0
6,3,2,43,M_E_day5_pageview_morning,0.0,0.007950733205923897,290,0.0,0.0,0.95,0.0
6,3,2,44,M_E_day5_pageview_afternoon,0.0,0.007950733205923897,290,0.0,0.0,0.95,0.0
6,3,2,45,M_E_day5_morning_fitbit_wear,0.0,0.007950733205923897,290,0.0,0.0,0.95,0.0
6,3,2,46,M_E_day5_daily_survey_complete,0.0,0.007950733205923897,290,0.0,0.0,0.95,0.0
6,3,2,47,M_E_day6_pageview_morning,0.0,0.007950733205923897,290,0.0,0.0,0.95,0.0
6,3,2,48,M_E_day6_pageview_afternoon,0.0,0.007950733205923897,290,0.0,0.0,0.95,0.0
6,3,2,49,M_E_day6_morning_fitbit_wear,0.0,0.007950733205923897,290,0.0,0.0,0.95,0.0
6,3,2,50,M_E_day6_daily_survey_complete,0.0,0.007950733205923897,290,0.0,0.0,0.95,0.0
6,3,2,51,yesterday_step_count,0.005267695007871923,0.007950733205923897,290,-0.050233370136453494,0.0819296911240704,0.95,0.0333416664225112
6,3,2,52,ema_step_count,0.012340265703007773,0.007950733205923897,290,-0.04698592945754005,0.07505607265911211,0.95,0.03189178223614104
6,3,2,53,prior2hour_step_count,-0.009353904125093186,0.007950733205923897,290,-0.034204737387147764,0.020259751680145637,0.95,0.013553216311827805
6,3,2,54,previous7days_rpa,0.08958195568069677,0.007950733205923897,290,-0.12283534649656883,0.24322311149821962,0.95,0.09365136192308227
6,3,2,55,active_status_fraction_7days,0.21158028319138042,0.007950733205923897,290,0.0032925576322665106,0.3658189004686216,0.95,0.09316781715920329
6,3,2,56,recent_burden,-0.0011357960775620264,0.007950733205923897,290,-0.057114272579257185,0.04198786150618758,0.95,0.024756980482187083
6,3,2,57,salience_yesterday,0.010426535998081476,0.007950733205923897,290,-0.03434108554991044,0.04669037172246903,0.95,0.019766530408982484
6,3,2,58,walk_interaction_7d,-0.003129488091836322,0.007950733205923897,290,-0.16341938568479678,0.1962367715216972,0.95,0.09300173733168184
6,3,2,59,A,0.004969060198674451,0.007950733205923897,290,-0.04321061436846305,0.03828950635940355,0.95,0.020139098909801874
6,3,2,60,A*E_w,-0.001814851571825009,0.007950733205923897,290,-0.01795451911100198,0.011866021636937183,0.95,0.007079846430722148
6,3,2,61,A*CAE_avg_lastweek,0.002878239344935393,0.007950733205923897,290,-0.009732515319031614,0.026864024578119223,0.95,0.008771031683053349
6,3,2,62,A*weekday_vs_weekend,0.0,0.007950733205923897,290,0.0,0.0,0.95,0.0
6,3,2,63,A*slot_pm,0.004969060198674663,0.007950733205923897,290,-0.04321061436846257,0.038289506359403105,0.95,0.020139098909801856
6,3,2,64,A*weekday_vs_weekend*E_w,0.0,0.007950733205923897,290,0.0,0.0,0.95,0.0
6,3,2,65,A*slot_pm*E_w,-0.0018148515718248853,0.007950733205923897,290,-0.017954519111002504,0.011866021636938463,0.95,0.007079846430722213
6,3,2,66,A*weekday_vs_weekend*CAE_avg_lastweek,0.0,0.007950733205923897,290,0.0,0.0,0.95,0.0
6,3,2,67,A*slot_pm*CAE_avg_lastweek,0.0028782393449353796,0.007950733205923897,290,-0.009732515319031623,0.0268640245781195,0.95,0.00877103168305335
6,3,2,68,A*yesterday_step_count,0.004857420505710512,0.007950733205923897,290,-0.046420011644835224,0.037628007132503846,0.95,0.020971909071753888
6,3,2,69,A*ema_step_count,-0.005221517125625021,0.007950733205923897,290,-0.05360183937078846,0.06953216530838591,0.95,0.030344538004063604
6,3,2,70,A*prior2hour_step_count,-0.0014530597145480508,0.007950733205923897,290,-0.03988308554479216,0.04040538168399982,0.95,0.01990437115198715
6,3,2,71,A*previous7days_rpa,0.014751781321906863,0.007950733205923897,290,-0.09646652170310656,0.15165927209616573,0.95,0.05860453435375963
6,3,2,72,A*active_status_fraction_7days,-0.0017757504693354713,0.007950733205923897,290,-0.09893561294970261,0.09808135606528598,0.95,0.05058404113345733
6,3,2,73,A*recent_burden,-0.01175508483010261,0.007950733205923897,290,-0.04892973821325584,0.020767833536838302,0.95,0.01655880209247869
6,3,2,74,A*salience_yesterday,-0.009007970934841758,0.007950733205923897,290,-0.05532773015338466,0.05040898614448935,0.95,0.026994325480381876
6,3,2,75,A*walk_interaction_7d,-0.09371605351976535,0.007950733205923897,290,-0.19622353648561217,0.06595295053660714,0.95,0.06570016109332516
7,4,1,0,intercept,-0.14869230213442342,0.004293527252346691,290,-0.2797015884861109,0.26987219866540174,0.95,0.1355766392503476
7,4,1,1,weekday_vs_weekend,0.0,0.004293527252346691,290,0.0,0.0,0.95,0.0
7,4,1,2,slot_pm,0.0,0.004293527252346691,290,0.0,0.0,0.95,0.0
7,4,1,3,E_w,-0.0037735510420063402,0.004293527252346691,290,-0.09823911006289125,0.06315261057675896,0.95,0.03921357509154912
7,4,1,4,weekday_vs_weekend*E_w,0.0,0.004293527252346691,290,0.0,0.0,0.95,0.0
7,4,1,5,slot_pm*E_w,0.0,0.004293527252346691,290,0.0,0.0,0.95,0.0
7,4,1,6,CAE_avg_lastweek,0.6891951595626874,0.004293527252346691,290,0.43401236057478326,0.8363598724268274,0.95,0.10360671706279204
7,4,1,7,weekday_vs_weekend*CAE_avg_lastweek,0.0,0.004293527252346691,290,0.0,0.0,0.95,0.0
7,4,1,8,slot_pm*CAE_avg_lastweek,0.0,0.004293527252346691,290,0.0,0.0,0.95,0.0
7,4,1,9,M_Y_day1_fourSC_morning,0.0007295293293610054,0.004293527252346691,290,-0.07075754049061717,0.08454645689555566,0.95,0.038568453997776427
7,4,1,10,M_Y_day1_fourSC_afternoon,-0.029091450506273833,0.004293527252346691,290,-0.12411292986998931,0.07393284883429242,0.95,0.05093100375604924
7,4,1,11,M_Y_day1_anticipated_affect,0.31553581076591797,0.004293527252346691,290,0.1767428606235419,0.48601914498733223,0.95,0.08114507103501394
7,4,1,12,M_Y_day2_fourSC_morning,0.03511950763444188,0.004293527252346691,290,-0.09075301951120517,0.110730860203773,0.95,0.049865526781228464
7,4,1,13,M_Y_day2_fourSC_afternoon,0.1067735112802949,0.004293527252346691,290,-0.04226395247245755,0.22786319807025512,0.95,0.0715389965453933
7,4,1,14,M_Y_day2_anticipated_affect,0.22544978109400096,0.004293527252346691,290,0.08312103114799882,0.45729616311196153,0.95,0.09530868975924507
7,4,1,15,M_Y_day3_fourSC_morning,-0.06383731754686223,0.004293527252346691,290,-0.14566035655058482,0.029392902266176336,0.95,0.043808922781518184
7,4,1,16,M_Y_day3_fourSC_afternoon,-0.02015001017249199,0.004293527252346691,290,-0.11665120510171331,0.08902409475839343,0.95,0.05220004574781562
7,4,1,17,M_Y_day3_anticipated_affect,0.23590130450791907,0.004293527252346691,290,0.12858218973969457,0.4277757431240019,0.95,0.07405815917399995
7,4,1,18,M_Y_day4_fourSC_morning,0.0,0.004293527252346691,290,0.0,0.0,0.95,0.0
7,4,1,19,M_Y_day4_fourSC_afternoon,0.0,0.004293527252346691,290,0.0,0.0,0.95,0.0
7,4,1,20,M_Y_day4_anticipated_affect,0.0,0.004293527252346691,290,0.0,0.0,0.95,0.0
7,4,1,21,M_Y_day5_fourSC_morning,0.0,0.004293527252346691,290,0.0,0.0,0.95,0.0
7,4,1,22,M_Y_day5_fourSC_afternoon,0.0,0.004293527252346691,290,0.0,0.0,0.95,0.0
7,4,1,23,M_Y_day5_anticipated_affect,0.0,0.004293527252346691,290,0.0,0.0,0.95,0.0
7,4,1,24,M_Y_day6_fourSC_morning,0.0,0.004293527252346691,290,0.0,0.0,0.95,0.0
7,4,1,25,M_Y_day6_fourSC_afternoon,0.0,0.004293527252346691,290,0.0,0.0,0.95,0.0
7,4,1,26,M_Y_day6_anticipated_affect,0.0,0.004293527252346691,290,0.0,0.0,0.95,0.0
7,4,1,27,M_E_day1_pageview_morning,0.060097844449902446,0.004293527252346691,290,0.011702464096770624,0.11616798724897955,0.95,0.026230309916389027
7,4,1,28,M_E_day1_pageview_afternoon,-0.05404622854305692,0.004293527252346691,290,-0.11446865628759273,0.003826168180930233,0.95,0.03058301895068759
7,4,1,29,M_E_day1_morning_fitbit_wear,0.10228062113729745,0.004293527252346691,290,-0.05779550490128804,0.2652310289791991,0.95,0.0813044267467584
7,4,1,30,M_E_day1_daily_survey_complete,0.033571666600047644,0.004293527252346691,290,-0.08552074845986715,0.15672881909426345,0.95,0.061064754042296304
7,4,1,31,M_E_day2_pageview_morning,0.053428978640055906,0.004293527252346691,290,-0.014915246536808278,0.10556850554192215,0.95,0.030060307232989216
7,4,1,32,M_E_day2_pageview_afternoon,-0.01229886180042768,0.004293527252346691,290,-0.09197267747283186,0.04102428058186972,0.95,0.03211205306349295
7,4,1,33,M_E_day2_morning_fitbit_wear,-0.08241800768210787,0.004293527252346691,290,-0.2318278779570862,0.1025592253986305,0.95,0.08419907616189432
7,4,1,34,M_E_day2_daily_survey_complete,-0.06594531756659376,0.004293527252346691,290,-0.1948695034324069,0.0632593424309496,0.95,0.06469831080148404
7,4,1,35,M_E_day3_pageview_morning,-0.05670061078777832,0.004293527252346691,290,-0.13072328926168378,0.056067559488458915,0.95,0.04710964140226908
7,4,1,36,M_E_day3_pageview_afternoon,-0.08217729088656407,0.004293527252346691,290,-0.15474739523835274,0.0038537407966860084,0.95,0.04126681727750924
7,4,1,37,M_E_day3_morning_fitbit_wear,-0.03818092040304499,0.004293527252346691,290,-0.19394029263316984,0.10885261323218375,0.95,0.07303691694552045
7,4,1,38,M_E_day3_daily_survey_complete,-0.020316987492009535,0.004293527252346691,290,-0.1113905554440709,0.0980061629353451,0.95,0.05279084464419622
7,4,1,39,M_E_day4_pageview_morning,0.0,0.004293527252346691,290,0.0,0.0,0.95,0.0
7,4,1,40,M_E_day4_pageview_afternoon,0.0,0.004293527252346691,290,0.0,0.0,0.95,0.0
7,4,1,41,M_E_day4_morning_fitbit_wear,0.0,0.004293527252346691,290,0.0,0.0,0.95,0.0
7,4,1,42,M_E_day4_daily_survey_complete,0.0,0.004293527252346691,290,0.0,0.0,0.95,0.0
7,4,1,43,M_E_day5_pageview_morning,0.0,0.004293527252346691,290,0.0,0.0,0.95,0.0
7,4,1,44,M_E_day5_pageview_afternoon,0.0,0.004293527252346691,290,0.0,0.0,0.95,0.0
7,4,1,45,M_E_day5_morning_fitbit_wear,0.0,0.004293527252346691,290,0.0,0.0,0.95,0.0
7,4,1,46,M_E_day5_daily_survey_complete,0.0,0.004293527252346691,290,0.0,0.0,0.95,0.0
7,4,1,47,M_E_day6_pageview_morning,0.0,0.004293527252346691,290,0.0,0.0,0.95,0.0
7,4,1,48,M_E_day6_pageview_afternoon,0.0,0.004293527252346691,290,0.0,0.0,0.95,0.0
7,4,1,49,M_E_day6_morning_fitbit_wear,0.0,0.004293527252346691,290,0.0,0.0,0.95,0.0
7,4,1,50,M_E_day6_daily_survey_complete,0.0,0.004293527252346691,290,0.0,0.0,0.95,0.0
7,4,1,51,yesterday_step_count,-0.035773912519659334,0.004293527252346691,290,-0.10898239166926528,0.046785682861875136,0.95,0.03981712914242658
7,4,1,52,ema_step_count,0.02166458114970599,0.004293527252346691,290,-0.0001410066304785132,0.06113976130580903,0.95,0.01626115973262897
7,4,1,53,prior2hour_step_count,-0.0010174134974677623,0.004293527252346691,290,-0.0397569319021443,0.028833055436276983,0.95,0.01737003222164066
7,4,1,54,previous7days_rpa,0.06640063764839542,0.004293527252346691,290,-0.145356940278824,0.2174722915864441,0.95,0.09345358000405883
7,4,1,55,active_status_fraction_7days,0.2466095635051727,0.004293527252346691,290,0.02912131641243075,0.41959726516417784,0.95,0.10148808265206861
7,4,1,56,recent_burden,-0.0019746535934557063,0.004293527252346691,290,-0.05583556716513622,0.04700542175687991,0.95,0.027209605436492177
7,4,1,57,salience_yesterday,-0.029219059237304404,0.004293527252346691,290,-0.059517888521949086,0.02095687048785234,0.95,0.020879553192328544
7,4,1,58,walk_interaction_7d,-0.03752259141574808,0.004293527252346691,290,-0.17691556527127084,0.17771362656669348,0.95,0.09183532617155912
7,4,1,59,A,-0.029596309781265817,0.004293527252346691,290,-0.12180173269901091,0.03456834163486022,0.95,0.03981944884115872
7,4,1,60,A*E_w,-0.004594108309123218,0.004293527252346691,290,-0.018675004897050394,0.032623842008067755,0.95,0.012425190291314968
7,4,1,61,A*CAE_avg_lastweek,0.006104546899626216,0.004293527252346691,290,-0.018135543314180044,0.059470979659695,0.95,0.01900235142365291
7,4,1,62,A*weekday_vs_weekend,0.0,0.004293527252346691,290,0.0,0.0,0.95,0.0
7,4,1,63,A*slot_pm,0.0,0.004293527252346691,290,0.0,0.0,0.95,0.0
7,4,1,64,A*weekday_vs_weekend*E_w,0.0,0.004293527252346691,290,0.0,0.0,0.95,0.0
7,4,1,65,A*slot_pm*E_w,0.0,0.004293527252346691,290,0.0,0.0,0.95,0.0
7,4,1,66,A*weekday_vs_weekend*CAE_avg_lastweek,0.0,0.004293527252346691,290,0.0,0.0,0.95,0.0
7,4,1,67,A*slot_pm*CAE_avg_lastweek,0.0,0.004293527252346691,290,0.0,0.0,0.95,0.0
7,4,1,68,A*yesterday_step_count,-0.01925028165648449,0.004293527252346691,290,-0.05612818982220731,0.01803062624502974,0.95,0.019047392915958212
7,4,1,69,A*ema_step_count,-0.022206628199017944,0.004293527252346691,290,-0.05827578094619009,0.004305696257834307,0.95,0.0158409816894516
7,4,1,70,A*prior2hour_step_count,0.012813704605376697,0.004293527252346691,290,-0.023703243184608622,0.05329471844392721,0.95,0.018779717869953153
7,4,1,71,A*previous7days_rpa,0.06282906671766918,0.004293527252346691,290,-0.03575406649441695,0.1536313551811619,0.95,0.04703738870343462
7,4,1,72,A*active_status_fraction_7days,0.04702307929504148,0.004293527252346691,290,-0.04430118701097786,0.14628004386257717,0.95,0.04659290538153614
7,4,1,73,A*recent_burden,-0.0051318147586914935,0.004293527252346691,290,-0.040942550325400444,0.013419596204272419,0.95,0.013822947311852435
7,4,1,74,A*salience_yesterday,0.024134010254811777,0.004293527252346691,290,-0.01777880206450893,0.06963426998960894,0.95,0.021832317316422118
7,4,1,75,A*walk_interaction_7d,0.09900792131122718,0.004293527252346691,290,-0.0003833101001841542,0.2505533860385948,0.95,0.06550834938009645
8,4,2,0,intercept,-0.07946208553322671,0.0069666668226833995,290,-0.17800028964949483,0.14714820957895808,0.95,0.07999918674279154
8,4,2,1,weekday_vs_weekend,0.0,0.0069666668226833995,290,0.0,0.0,0.95,0.0
8,4,2,2,slot_pm,-0.0794620855332286,0.0069666668226833995,290,-0.17800028964951436,0.1471482095790121,0.95,0.07999918674279025
8,4,2,3,E_w,-0.006858142305679165,0.0069666668226833995,290,-0.05623556495773063,0.028323391963082076,0.95,0.020877655233144443
8,4,2,4,weekday_vs_weekend*E_w,0.0,0.0069666668226833995,290,0.0,0.0,0.95,0.0
8,4,2,5,slot_pm*E_w,-0.006858142305681326,0.0069666668226833995,290,-0.05623556495772054,0.028323391963079994,0.95,0.02087765523314467
8,4,2,6,CAE_avg_lastweek,0.35907773533398774,0.0069666668226833995,290,0.22875422481365765,0.4297905994172577,0.95,0.05154161971438403
8,4,2,7,weekday_vs_weekend*CAE_avg_lastweek,0.0,0.0069666668226833995,290,0.0,0.0,0.95,0.0
8,4,2,8,slot_pm*CAE_avg_lastweek,0.35907773533398457,0.0069666668226833995,290,0.22875422481365892,0.4297905994172478,0.95,0.051541619714383785
8,4,2,9,M_Y_day1_fourSC_morning,0.01271654665023077,0.0069666668226833995,290,-0.06535391928303802,0.09032859802180836,0.95,0.037935799235135945
8,4,2,10,M_Y_day1_fourSC_afternoon,-0.028419138670286493,0.0069666668226833995,290,-0.14035486974238248,0.08635943748445517,0.95,0.059302389166121336
8,4,2,11,M_Y_day1_anticipated_affect,0.373554549390779,0.0069666668226833995,290,0.20618361800675633,0.5912729322986445,0.95,0.10391866053285331
8,4,2,12,M_Y_day2_fourSC_morning,0.03624653384134935,0.0069666668226833995,290,-0.09575812790113328,0.12242027835407358,0.95,0.05702967723264548
8,4,2,13,M_Y_day2_fourSC_afternoon,0.12868185557309875,0.0069666668226833995,290,-0.02455389888815544,0.25617922345492494,0.95,0.07530360211689326
8,4,2,14,M_Y_day2_anticipated_affect,0.20538465298205574,0.0069666668226833995,290,0.044952377463365716,0.4509649813895911,0.95,0.10222776233079689
8,4,2,15,M_Y_day3_fourSC_morning,-0.054227987845024625,0.0069666668226833995,290,-0.1394256277837349,0.04626959619124107,0.95,0.045317038513210395
8,4,2,16,M_Y_day3_fourSC_afternoon,-0.017287814171352733,0.0069666668226833995,290,-0.1271256140838343,0.09901192279163824,0.95,0.0569519392291876
8,4,2,17,M_Y_day3_anticipated_affect,0.26663077182679984,0.0069666668226833995,290,0.13284317603044898,0.4961192157848668,0.95,0.09371653451666316
8,4,2,18,M_Y_day4_fourSC_morning,-0.035768863636373334,0.0069666668226833995,290,-0.1502766605092691,0.09458660678747281,0.95,0.06226947432451185
8,4,2,19,M_Y_day4_fourSC_afternoon,0.0,0.0069666668226833995,290,0.0,0.0,0.95,0.0
8,4,2,20,M_Y_day4_anticipated_affect,0.0,0.0069666668226833995,290,0.0,0.0,0.95,0.0
8,4,2,21,M_Y_day5_fourSC_morning,0.0,0.0069666668226833995,290,0.0,0.0,0.95,0.0
8,4,2,22,M_Y_day5_fourSC_afternoon,0.0,0.0069666668226833995,290,0.0,0.0,0.95,0.0
8,4,2,23,M_Y_day5_anticipated_affect,0.0,0.0069666668226833995,290,0.0,0.0,0.95,0.0
8,4,2,24,M_Y_day6_fourSC_morning,0.0,0.0069666668226833995,290,0.0,0.0,0.95,0.0
8,4,2,25,M_Y_day6_fourSC_afternoon,0.0,0.0069666668226833995,290,0.0,0.0,0.95,0.0
8,4,2,26,M_Y_day6_anticipated_affect,0.0,0.0069666668226833995,290,0.0,0.0,0.95,0.0
8,4,2,27,M_E_day1_pageview_morning,0.06358984894381872,0.0069666668226833995,290,0.00893187579539087,0.12376885031024877,0.95,0.029188593506675086
8,4,2,28,M_E_day1_pageview_afternoon,-0.062459109926762096,0.0069666668226833995,290,-0.12881600203721644,-0.0030474149274052815,0.95,0.03300287787877897
8,4,2,29,M_E_day1_morning_fitbit_wear,0.09071722491841681,0.0069666668226833995,290,-0.08200719810851882,0.26762762911267574,0.95,0.08870383765526424
8,4,2,30,M_E_day1_daily_survey_complete,0.02619330727205331,0.0069666668226833995,290,-0.09682007361505393,0.14623375227830487,0.95,0.06192929631201067
8,4,2,31,M_E_day2_pageview_morning,0.040978390419326445,0.0069666668226833995,290,-0.03384997212250597,0.0926415960923404,0.95,0.03206515365100985
8,4,2,32,M_E_day2_pageview_afternoon,-0.011555902245351104,0.0069666668226833995,290,-0.09476786254808356,0.04763316685611804,0.95,0.034793269927305005
8,4,2,33,M_E_day2_morning_fitbit_wear,-0.09194525643169592,0.0069666668226833995,290,-0.24887698948091877,0.09006119577860859,0.95,0.0865586215146375
8,4,2,34,M_E_day2_daily_survey_complete,-0.07647668158414633,0.0069666668226833995,290,-0.21136822273050015,0.06259478031243824,0.95,0.068256133529766
8,4,2,35,M_E_day3_pageview_morning,-0.08933826879511587,0.0069666668226833995,290,-0.1765989420256617,0.03171917906151793,0.95,0.05241085333034514
8,4,2,36,M_E_day3_pageview_afternoon,-0.08846353232618868,0.0069666668226833995,290,-0.16412199259011034,-0.002568354053870231,0.95,0.04225039214018659
8,4,2,37,M_E_day3_morning_fitbit_wear,-0.028768469732429355,0.0069666668226833995,290,-0.19191189372663173,0.12276363004519855,0.95,0.07691887730425608
8,4,2,38,M_E_day3_daily_survey_complete,-0.017144627932819786,0.0069666668226833995,290,-0.1239165511160639,0.10576028586288544,0.95,0.05859383266517197
8,4,2,39,M_E_day4_pageview_morning,0.0842607991033821,0.0069666668226833995,290,0.016678861067597417,0.16875145712932918,0.95,0.038859896629473124
8,4,2,40,M_E_day4_pageview_afternoon,0.0,0.0069666668226833995,290,0.0,0.0,0.95,0.0
8,4,2,41,M_E_day4_morning_fitbit_wear,0.0,0.0069666668226833995,290,0.0,0.0,0.95,0.0
8,4,2,42,M_E_day4_daily_survey_complete,0.0,0.0069666668226833995,290,0.0,0.0,0.95,0.0
8,4,2,43,M_E_day5_pageview_morning,0.0,0.0069666668226833995,290,0.0,0.0,0.95,0.0
8,4,2,44,M_E_day5_pageview_afternoon,0.0,0.0069666668226833995,290,0.0,0.0,0.95,0.0
8,4,2,45,M_E_day5_morning_fitbit_wear,0.0,0.0069666668226833995,290,0.0,0.0,0.95,0.0
8,4,2,46,M_E_day5_daily_survey_complete,0.0,0.0069666668226833995,290,0.0,0.0,0.95,0.0
8,4,2,47,M_E_day6_pageview_morning,0.0,0.0069666668226833995,290,0.0,0.0,0.95,0.0
8,4,2,48,M_E_day6_pageview_afternoon,0.0,0.0069666668226833995,290,0.0,0.0,0.95,0.0
8,4,2,49,M_E_day6_morning_fitbit_wear,0.0,0.0069666668226833995,290,0.0,0.0,0.95,0.0
8,4,2,50,M_E_day6_daily_survey_complete,0.0,0.0069666668226833995,290,0.0,0.0,0.95,0.0
8,4,2,51,yesterday_step_count,-0.044901563888457306,0.0069666668226833995,290,-0.11839041676854144,0.03109668633546205,0.95,0.03969658757650492
8,4,2,52,ema_step_count,0.014187053291932662,0.0069666668226833995,290,-0.04306359563693376,0.06446582946814952,0.95,0.02765551689069392
8,4,2,53,prior2hour_step_count,0.013964611596679988,0.0069666668226833995,290,-0.023188250222814153,0.0476005153796713,0.95,0.016858683638243065
8,4,2,54,previous7days_rpa,0.02968130940807825,0.0069666668226833995,290,-0.15502028889949485,0.19817230203972477,0.95,0.09165833729788053
8,4,2,55,active_status_fraction_7days,0.2876425029281423,0.0069666668226833995,290,0.04146912334065784,0.4732126278525145,0.95,0.10932245357410485
8,4,2,56,recent_burden,-0.013475208376510527,0.0069666668226833995,290,-0.06729526214829638,0.03706077502222552,0.95,0.02635429284415555
8,4,2,57,salience_yesterday,-0.03223973344383212,0.0069666668226833995,290,-0.061466627560132346,0.024602555252494124,0.95,0.02208958827684304
8,4,2,58,walk_interaction_7d,-0.02771839986137779,0.0069666668226833995,290,-0.17440134143468347,0.20904748994514744,0.95,0.09657870613332246
8,4,2,59,A,-0.008743867385462513,0.0069666668226833995,290,-0.045474105624947164,0.03397477760894799,0.95,0.020550011954290803
8,4,2,60,A*E_w,0.0025798959639079266,0.0069666668226833995,290,-0.008522458780896192,0.013509677029964431,0.95,0.00533948170110329
8,4,2,61,A*CAE_avg_lastweek,0.008936514006794053,0.0069666668226833995,290,-0.004916613955312597,0.02976913976007887,0.95,0.00847056830104613
8,4,2,62,A*weekday_vs_weekend,0.0,0.0069666668226833995,290,0.0,0.0,0.95,0.0
8,4,2,63,A*slot_pm,-0.008743867385462598,0.0069666668226833995,290,-0.04547410562494714,0.0339747776089481,0.95,0.02055001195429079
8,4,2,64,A*weekday_vs_weekend*E_w,0.0,0.0069666668226833995,290,0.0,0.0,0.95,0.0
8,4,2,65,A*slot_pm*E_w,0.002579895963908088,0.0069666668226833995,290,-0.008522458780895484,0.013509677029964888,0.95,0.005339481701103316
8,4,2,66,A*weekday_vs_weekend*CAE_avg_lastweek,0.0,0.0069666668226833995,290,0.0,0.0,0.95,0.0
8,4,2,67,A*slot_pm*CAE_avg_lastweek,0.008936514006793995,0.0069666668226833995,290,-0.0049166139553125906,0.02976913976007893,0.95,0.008470568301046128
8,4,2,68,A*yesterday_step_count,-0.004357017988492501,0.0069666668226833995,290,-0.04887745406764003,0.03994724966306481,0.95,0.02211832631574098
8,4,2,69,A*ema_step_count,-0.00901291792675068,0.0069666668226833995,290,-0.05062438039513452,0.056728760932528044,0.95,0.027024950385395378
8,4,2,70,A*prior2hour_step_count,0.009750565164304401,0.0069666668226833995,290,-0.018498753069923365,0.0488641274936219,0.95,0.017281377017869713
8,4,2,71,A*previous7days_rpa,0.07059609899606226,0.0069666668226833995,290,-0.04795283366284028,0.1521357331895029,0.95,0.0511145067911547
8,4,2,72,A*active_status_fraction_7days,0.0200503751229737,0.0069666668226833995,290,-0.04767434811112345,0.09922209551913151,0.95,0.03809081771215154
8,4,2,73,A*recent_burden,0.0175587196200475,0.0069666668226833995,290,-0.005471182924015632,0.046690268384914226,0.95,0.013008717148917168
8,4,2,74,A*salience_yesterday,0.018405565067519822,0.0069666668226833995,290,-0.04721155156945125,0.06658319724763784,0.95,0.02884665481079371
8,4,2,75,A*walk_interaction_7d,-0.003099878168769098,0.0069666668226833995,290,-0.07213414997629584,0.07840086451466652,0.95,0.03975875047930586
9,5,1,0,intercept,-0.20668104886058708,0.0014678966985938028,290,-0.5053357413612936,0.3206984970264672,0.95,0.20461824992951144
9,5,1,1,weekday_vs_weekend,0.0,0.0014678966985938028,290,0.0,0.0,0.95,0.0
9,5,1,2,slot_pm,0.0,0.0014678966985938028,290,0.0,0.0,0.95,0.0
9,5,1,3,E_w,-0.011272744389838232,0.0014678966985938028,290,-0.11875821514195242,0.06314472602843532,0.95,0.04406268848071699
9,5,1,4,weekday_vs_weekend*E_w,0.0,0.0014678966985938028,290,0.0,0.0,0.95,0.0
9,5,1,5,slot_pm*E_w,0.0,0.0014678966985938028,290,0.0,0.0,0.95,0.0
9,5,1,6,CAE_avg_lastweek,0.7405566375678677,0.0014678966985938028,290,0.43713771715099464,0.9134000680145506,0.95,0.12218985115470746
9,5,1,7,weekday_vs_weekend*CAE_avg_lastweek,0.0,0.0014678966985938028,290,0.0,0.0,0.95,0.0
9,5,1,8,slot_pm*CAE_avg_lastweek,0.0,0.0014678966985938028,290,0.0,0.0,0.95,0.0
9,5,1,9,M_Y_day1_fourSC_morning,0.0034853818569641004,0.0014678966985938028,290,-0.07428799747004028,0.08408448404438462,0.95,0.03852807648144824
9,5,1,10,M_Y_day1_fourSC_afternoon,-0.0402123174978847,0.0014678966985938028,290,-0.15477653261894253,0.09058490578836402,0.95,0.0635993500466381
9,5,1,11,M_Y_day1_anticipated_affect,0.25654604650693574,0.0014678966985938028,290,0.1365099737483705,0.471027957282902,0.95,0.08761337161743683
9,5,1,12,M_Y_day2_fourSC_morning,-0.0023846042485098054,0.0014678966985938028,290,-0.16184114399439023,0.10595070667840123,0.95,0.06608737628166779
9,5,1,13,M_Y_day2_fourSC_afternoon,0.09745825911960831,0.0014678966985938028,290,-0.047123655661223875,0.23403753738563202,0.95,0.07331428689005447
9,5,1,14,M_Y_day2_anticipated_affect,0.1772884770349271,0.0014678966985938028,290,-0.011105893432196534,0.4360460607510275,0.95,0.11324174374679764
9,5,1,15,M_Y_day3_fourSC_morning,0.006598779253440676,0.0014678966985938028,290,-0.11791874770107849,0.1415406397220469,0.95,0.06807283411017129
9,5,1,16,M_Y_day3_fourSC_afternoon,-0.0005260762191843667,0.0014678966985938028,290,-0.13087255602278797,0.14645422139511302,0.95,0.07033913708955924
9,5,1,17,M_Y_day3_anticipated_affect,0.20211221108222505,0.0014678966985938028,290,0.045529209149509794,0.4282828855537246,0.95,0.10043708519553643
9,5,1,18,M_Y_day4_fourSC_morning,-0.06109476223625954,0.0014678966985938028,290,-0.18150326302169736,0.07009300429668977,0.95,0.06563086552408706
9,5,1,19,M_Y_day4_fourSC_afternoon,0.0906764735927213,0.0014678966985938028,290,-0.016254184504179914,0.1676776113204075,0.95,0.046672121509068305
9,5,1,20,M_Y_day4_anticipated_affect,0.33704041910933613,0.0014678966985938028,290,0.13462338237572838,0.59306717205363,0.95,0.11948942600708819
9,5,1,21,M_Y_day5_fourSC_morning,0.0,0.0014678966985938028,290,0.0,0.0,0.95,0.0
9,5,1,22,M_Y_day5_fourSC_afternoon,0.0,0.0014678966985938028,290,0.0,0.0,0.95,0.0
9,5,1,23,M_Y_day5_anticipated_affect,0.0,0.0014678966985938028,290,0.0,0.0,0.95,0.0
9,5,1,24,M_Y_day6_fourSC_morning,0.0,0.0014678966985938028,290,0.0,0.0,0.95,0.0
9,5,1,25,M_Y_day6_fourSC_afternoon,0.0,0.0014678966985938028,290,0.0,0.0,0.95,0.0
9,5,1,26,M_Y_day6_anticipated_affect,0.0,0.0014678966985938028,290,0.0,0.0,0.95,0.0
9,5,1,27,M_E_day1_pageview_morning,0.07033521650906928,0.0014678966985938028,290,0.013832127289882068,0.1328786811798535,0.95,0.029467766722080516
9,5,1,28,M_E_day1_pageview_afternoon,-0.06326488267668755,0.0014678966985938028,290,-0.1305369845888167,-0.0030351518016782653,0.95,0.03347861590859173
9,5,1,29,M_E_day1_morning_fitbit_wear,0.11133022702294487,0.0014678966985938028,290,-0.08796813794143289,0.3061026890292762,0.95,0.0987935216051722
9,5,1,30,M_E_day1_daily_survey_complete,0.047894831978388286,0.0014678966985938028,290,-0.08905283463314646,0.16999553922639074,0.95,0.06661879480728344
9,5,1,31,M_E_day2_pageview_morning,0.041915367014456355,0.0014678966985938028,290,-0.042033872704415484,0.0975409446004769,0.95,0.034535680677175946
9,5,1,32,M_E_day2_pageview_afternoon,-0.009530893782647838,0.0014678966985938028,290,-0.09089036969226472,0.05065656546007284,0.95,0.0356870853470969
9,5,1,33,M_E_day2_morning_fitbit_wear,-0.08669417000131274,0.0014678966985938028,290,-0.2712835085447231,0.10507706169485541,0.95,0.09525956794546252
9,5,1,34,M_E_day2_daily_survey_complete,-0.07158474800241868,0.0014678966985938028,290,-0.2192899727166723,0.07324885671753173,0.95,0.07535446081187493
9,5,1,35,M_E_day3_pageview_morning,-0.09473927699268413,0.0014678966985938028,290,-0.20294654177437593,0.0337153387196476,0.95,0.0582682158622632
9,5,1,36,M_E_day3_pageview_afternoon,-0.10524369871752663,0.0014678966985938028,290,-0.1874284559920363,-0.008102473107952363,0.95,0.04711241572145764
9,5,1,37,M_E_day3_morning_fitbit_wear,0.023415655881388654,0.0014678966985938028,290,-0.1795196107988428,0.21032617084317118,0.95,0.09790626722615296
9,5,1,38,M_E_day3_daily_survey_complete,-0.020222075224397243,0.0014678966985938028,290,-0.12081537261683421,0.12534485154855463,0.95,0.06118972493129137
9,5,1,39,M_E_day4_pageview_morning,0.07384482724837499,0.0014678966985938028,290,0.011415468139096625,0.16247601561553357,0.95,0.03915934898398253
9,5,1,40,M_E_day4_pageview_afternoon,0.05963146209078883,0.0014678966985938028,290,-0.001575445998053436,0.0967935971645778,0.95,0.024787742019078973
9,5,1,41,M_E_day4_morning_fitbit_wear,-0.09252160293011834,0.0014678966985938028,290,-0.21616290325185245,0.08850275483834721,0.95,0.07952980487039263
9,5,1,42,M_E_day4_daily_survey_complete,-0.021707192120947492,0.0014678966985938028,290,-0.15985977306404614,0.10199721838429372,0.95,0.06556246445068799
9,5,1,43,M_E_day5_pageview_morning,0.0,0.0014678966985938028,290,0.0,0.0,0.95,0.0
9,5,1,44,M_E_day5_pageview_afternoon,0.0,0.0014678966985938028,290,0.0,0.0,0.95,0.0
9,5,1,45,M_E_day5_morning_fitbit_wear,0.0,0.0014678966985938028,290,0.0,0.0,0.95,0.0
9,5,1,46,M_E_day5_daily_survey_complete,0.0,0.0014678966985938028,290,0.0,0.0,0.95,0.0
9,5,1,47,M_E_day6_pageview_morning,0.0,0.0014678966985938028,290,0.0,0.0,0.95,0.0
9,5,1,48,M_E_day6_pageview_afternoon,0.0,0.0014678966985938028,290,0.0,0.0,0.95,0.0
9,5,1,49,M_E_day6_morning_fitbit_wear,0.0,0.0014678966985938028,290,0.0,0.0,0.95,0.0
9,5,1,50,M_E_day6_daily_survey_complete,0.0,0.0014678966985938028,290,0.0,0.0,0.95,0.0
9,5,1,51,yesterday_step_count,-0.08103836069788123,0.0014678966985938028,290,-0.20755451881180464,0.041253041508924046,0.95,0.0640702990560484
9,5,1,52,ema_step_count,0.013127975526122158,0.0014678966985938028,290,-0.010194929222456248,0.04642229574199657,0.95,0.013688997100593459
9,5,1,53,prior2hour_step_count,-0.0011922022794012019,0.0014678966985938028,290,-0.03348304143640667,0.02021735756722281,0.95,0.013126256607435223
9,5,1,54,previous7days_rpa,0.006872866095461797,0.0014678966985938028,290,-0.22777744830376664,0.19334036826194848,0.95,0.10481944469796856
9,5,1,55,active_status_fraction_7days,0.30383155137629,0.0014678966985938028,290,0.01554800948086035,0.5232672088368646,0.95,0.12874099595867222
9,5,1,56,recent_burden,0.006129846813203848,0.0014678966985938028,290,-0.059269109817657914,0.06649857157381175,0.95,0.032049931496155176
9,5,1,57,salience_yesterday,-0.019409204775418194,0.0014678966985938028,290,-0.07335192860315791,0.04498097118488763,0.95,0.030095190602550313
9,5,1,58,walk_interaction_7d,-0.09749490546486037,0.0014678966985938028,290,-0.24819243751801975,0.12152522162676786,0.95,0.09629050447378153
9,5,1,59,A,-0.01639357126073703,0.0014678966985938028,290,-0.08481947357656851,0.03479818117902935,0.95,0.029828806402787206
9,5,1,60,A*E_w,-0.0019131734322889158,0.0014678966985938028,290,-0.015927756090357067,0.014169384078068099,0.95,0.00756972992578168
9,5,1,61,A*CAE_avg_lastweek,-0.0018727572312216762,0.0014678966985938028,290,-0.029140838155363974,0.045551457207844405,0.95,0.018925356937664374
9,5,1,62,A*weekday_vs_weekend,0.0,0.0014678966985938028,290,0.0,0.0,0.95,0.0
9,5,1,63,A*slot_pm,0.0,0.0014678966985938028,290,0.0,0.0,0.95,0.0
9,5,1,64,A*weekday_vs_weekend*E_w,0.0,0.0014678966985938028,290,0.0,0.0,0.95,0.0
9,5,1,65,A*slot_pm*E_w,0.0,0.0014678966985938028,290,0.0,0.0,0.95,0.0
9,5,1,66,A*weekday_vs_weekend*CAE_avg_lastweek,0.0,0.0014678966985938028,290,0.0,0.0,0.95,0.0
9,5,1,67,A*slot_pm*CAE_avg_lastweek,0.0,0.0014678966985938028,290,0.0,0.0,0.95,0.0
9,5,1,68,A*yesterday_step_count,0.005431622108817558,0.0014678966985938028,290,-0.03833812113373583,0.03787363024841566,0.95,0.018687553495451988
9,5,1,69,A*ema_step_count,-0.007535713428672536,0.0014678966985938028,290,-0.02880663015756338,0.013986526181395736,0.95,0.010656610447177788
9,5,1,70,A*prior2hour_step_count,0.006609195526315831,0.0014678966985938028,290,-0.01654066147796171,0.033321302795606036,0.95,0.012493749556319154
9,5,1,71,A*previous7days_rpa,-0.016748813566332205,0.0014678966985938028,290,-0.08402341503830342,0.06877848721483994,0.95,0.03931719626304924
9,5,1,72,A*active_status_fraction_7days,0.03722998702046941,0.0014678966985938028,290,-0.03779446711617711,0.11668553771063407,0.95,0.037684039030999636
9,5,1,73,A*recent_burden,0.00046547032209702115,0.0014678966985938028,290,-0.017232388591632817,0.02337587781479829,0.95,0.010071237169638049
9,5,1,74,A*salience_yesterday,-0.002145846712323729,0.0014678966985938028,290,-0.028341286263577233,0.03387497655538561,0.95,0.01545266838674779
9,5,1,75,A*walk_interaction_7d,-0.05013026599591713,0.0014678966985938028,290,-0.15333129412022495,0.056753711841929594,0.95,0.052413461652221396
10,5,2,0,intercept,-0.1418379337113073,0.013058224585473795,290,-0.3676365857264858,0.1757530292486182,0.95,0.13367137256313552
10,5,2,1,weekday_vs_weekend,0.0,0.013058224585473795,290,0.0,0.0,0.95,0.0
10,5,2,2,slot_pm,-0.14183793371131648,0.013058224585473795,290,-0.367636585726498,0.17575302924861985,0.95,0.1336713725631364
10,5,2,3,E_w,-0.005350240618127621,0.013058224585473795,290,-0.060509667041718805,0.033058329668672996,0.95,0.023110666045098288
10,5,2,4,weekday_vs_weekend*E_w,0.0,0.013058224585473795,290,0.0,0.0,0.95,0.0
10,5,2,5,slot_pm*E_w,-0.005350240618128943,0.013058224585473795,290,-0.060509667041723066,0.03305832966866446,0.95,0.023110666045098382
10,5,2,6,CAE_avg_lastweek,0.38921794914138763,0.013058224585473795,290,0.22222139568043453,0.4861638091926116,0.95,0.06740709901512247
10,5,2,7,weekday_vs_weekend*CAE_avg_lastweek,0.0,0.013058224585473795,290,0.0,0.0,0.95,0.0
10,5,2,8,slot_pm*CAE_avg_lastweek,0.3892179491413824,0.013058224585473795,290,0.22222139568043586,0.4861638091925934,0.95,0.06740709901512208
10,5,2,9,M_Y_day1_fourSC_morning,0.00418042098163118,0.013058224585473795,290,-0.07128303720161612,0.09553672527897439,0.95,0.040815749321181406
10,5,2,10,M_Y_day1_fourSC_afternoon,-0.05096481549493435,0.013058224585473795,290,-0.18112730401661006,0.08688983333875776,0.95,0.06894354360877467
10,5,2,11,M_Y_day1_anticipated_affect,0.23651165469931618,0.013058224585473795,290,0.06486843933283669,0.5330386571727146,0.95,0.12150691288991401
10,5,2,12,M_Y_day2_fourSC_morning,-0.002708686787362546,0.013058224585473795,290,-0.19069992540213787,0.11676713788065236,0.95,0.07315953731344375
10,5,2,13,M_Y_day2_fourSC_afternoon,0.0915414932768509,0.013058224585473795,290,-0.06384093468760355,0.23563760640902928,0.95,0.07808116144138931
10,5,2,14,M_Y_day2_anticipated_affect,0.18247759307739891,0.013058224585473795,290,-0.08097475641279892,0.5286530378555151,0.95,0.15531220701440168
10,5,2,15,M_Y_day3_fourSC_morning,0.019865614097962014,0.013058224585473795,290,-0.11830260034232279,0.1749913895971893,0.95,0.07477352400880817
10,5,2,16,M_Y_day3_fourSC_afternoon,-0.006950557714088114,0.013058224585473795,290,-0.15483488974535137,0.14226302415101616,0.95,0.07492968178534902
10,5,2,17,M_Y_day3_anticipated_affect,0.18481521670246795,0.013058224585473795,290,-0.02124236677785899,0.4842844735066787,0.95,0.12924665462629675
10,5,2,18,M_Y_day4_fourSC_morning,-0.05815854782077804,0.013058224585473795,290,-0.17635751907891703,0.08871693118264362,0.95,0.06772880250114241
10,5,2,19,M_Y_day4_fourSC_afternoon,0.08071891990583174,0.013058224585473795,290,-0.04340869862323368,0.16160043424847112,0.95,0.05010724319286157
10,5,2,20,M_Y_day4_anticipated_affect,0.44683165452530826,0.013058224585473795,290,0.12561407893999577,0.8401593564627112,0.95,0.18797392477052713
10,5,2,21,M_Y_day5_fourSC_morning,0.010890259681941185,0.013058224585473795,290,-0.06415340723995701,0.08195886554458788,0.95,0.037240037649769575
10,5,2,22,M_Y_day5_fourSC_afternoon,0.0,0.013058224585473795,290,0.0,0.0,0.95,0.0
10,5,2,23,M_Y_day5_anticipated_affect,0.0,0.013058224585473795,290,0.0,0.0,0.95,0.0
10,5,2,24,M_Y_day6_fourSC_morning,0.0,0.013058224585473795,290,0.0,0.0,0.95,0.0
10,5,2,25,M_Y_day6_fourSC_afternoon,0.0,0.013058224585473795,290,0.0,0.0,0.95,0.0
10,5,2,26,M_Y_day6_anticipated_affect,0.0,0.013058224585473795,290,0.0,0.0,0.95,0.0
10,5,2,27,M_E_day1_pageview_morning,0.07460220367965063,0.013058224585473795,290,0.015161575708700402,0.1394981150692584,0.95,0.03103045079597919
10,5,2,28,M_E_day1_pageview_afternoon,-0.06508566054650726,0.013058224585473795,290,-0.1397905841764836,0.0023433273777028916,0.95,0.03689659976898468
10,5,2,29,M_E_day1_morning_fitbit_wear,0.14145753574597394,0.013058224585473795,290,-0.09916476973128753,0.36576702448489906,0.95,0.11397205959658473
10,5,2,30,M_E_day1_daily_survey_complete,0.059060116507271845,0.013058224585473795,290,-0.09173712022394863,0.19393506875700603,0.95,0.07320708276049943
10,5,2,31,M_E_day2_pageview_morning,0.047499979094005225,0.013058224585473795,290,-0.04136259048853455,0.1025713115993009,0.95,0.03599699952108441
10,5,2,32,M_E_day2_pageview_afternoon,-0.011456337562972036,0.013058224585473795,290,-0.09727275625845246,0.05033649383116834,0.95,0.03757989390143569
10,5,2,33,M_E_day2_morning_fitbit_wear,-0.11159726940320715,0.013058224585473795,290,-0.31703194363244463,0.09216790193106986,0.95,0.10592663809623756
10,5,2,34,M_E_day2_daily_survey_complete,-0.07940867684087623,0.013058224585473795,290,-0.24452480394119014,0.0784613097590775,0.95,0.08299008832007129
10,5,2,35,M_E_day3_pageview_morning,-0.1004009125730388,0.013058224585473795,290,-0.22875766182353477,0.03556603879084395,0.95,0.0655912224087655
10,5,2,36,M_E_day3_pageview_afternoon,-0.11228530454186728,0.013058224585473795,290,-0.2009322620750259,-0.004818494206560309,0.95,0.052018482159797444
10,5,2,37,M_E_day3_morning_fitbit_wear,0.03653280819471167,0.013058224585473795,290,-0.1949035744974055,0.25393709046934787,0.95,0.11327739373906488
10,5,2,38,M_E_day3_daily_survey_complete,-0.010187412157467017,0.013058224585473795,290,-0.1383454567780561,0.14525105076503306,0.95,0.07072019047947438
10,5,2,39,M_E_day4_pageview_morning,0.08116063150133115,0.013058224585473795,290,0.014791599351746672,0.1809605411811402,0.95,0.042223146265433824
10,5,2,40,M_E_day4_pageview_afternoon,0.06202441328894064,0.013058224585473795,290,-0.0029290636581126637,0.1001866817761897,0.95,0.026623600039054358
10,5,2,41,M_E_day4_morning_fitbit_wear,-0.10749441558111908,0.013058224585473795,290,-0.2422639357313643,0.09521421453500899,0.95,0.08792558924227857
10,5,2,42,M_E_day4_daily_survey_complete,-0.03594856208489902,0.013058224585473795,290,-0.17225241285945303,0.09691786250863023,0.95,0.06908726825526877
10,5,2,43,M_E_day5_pageview_morning,-0.04558747766710138,0.013058224585473795,290,-0.11862655775981222,0.05039671487174095,0.95,0.04312380644334328
10,5,2,44,M_E_day5_pageview_afternoon,0.0,0.013058224585473795,290,0.0,0.0,0.95,0.0
10,5,2,45,M_E_day5_morning_fitbit_wear,0.0,0.013058224585473795,290,0.0,0.0,0.95,0.0
10,5,2,46,M_E_day5_daily_survey_complete,0.0,0.013058224585473795,290,0.0,0.0,0.95,0.0
10,5,2,47,M_E_day6_pageview_morning,0.0,0.013058224585473795,290,0.0,0.0,0.95,0.0
10,5,2,48,M_E_day6_pageview_afternoon,0.0,0.013058224585473795,290,0.0,0.0,0.95,0.0
10,5,2,49,M_E_day6_morning_fitbit_wear,0.0,0.013058224585473795,290,0.0,0.0,0.95,0.0
10,5,2,50,M_E_day6_daily_survey_complete,0.0,0.013058224585473795,290,0.0,0.0,0.95,0.0
10,5,2,51,yesterday_step_count,-0.10196499996945138,0.013058224585473795,290,-0.2513906106334788,0.040227029684457634,0.95,0.0744171926105455
10,5,2,52,ema_step_count,0.03350978260435493,0.013058224585473795,290,-0.04436743525521222,0.13415107232575324,0.95,0.04547785015645631
10,5,2,53,prior2hour_step_count,0.021656924939603053,0.013058224585473795,290,-0.03883777559493167,0.0993135988461378,0.95,0.03576076440049904
10,5,2,54,previous7days_rpa,0.016253949274202546,0.013058224585473795,290,-0.24616295194809495,0.21812292647851764,0.95,0.11689348648334259
10,5,2,55,active_status_fraction_7days,0.3732231271693428,0.013058224585473795,290,0.030260691573789113,0.5994808958439969,0.95,0.14825243102699373
10,5,2,56,recent_burden,0.0015236818461831856,0.013058224585473795,290,-0.06942829598437794,0.07969594273096663,0.95,0.03695526829395664
10,5,2,57,salience_yesterday,-0.024490335589824,0.013058224585473795,290,-0.1113910313716514,0.03919071015975238,0.95,0.03836291518640575
10,5,2,58,walk_interaction_7d,-0.10859548686505104,0.013058224585473795,290,-0.29046346023072805,0.1771916887085386,0.95,0.1241619910607566
10,5,2,59,A,-0.03625713223570548,0.013058224585473795,290,-0.09462713759016537,0.021357380003492896,0.95,0.02968340566118335
10,5,2,60,A*E_w,0.008171735561682564,0.013058224585473795,290,-0.014849246463889966,0.029085229451395442,0.95,0.011201506408785162
10,5,2,61,A*CAE_avg_lastweek,0.016087823761534507,0.013058224585473795,290,-0.020817247051373704,0.04619252120063639,0.95,0.016771639568697618
10,5,2,62,A*weekday_vs_weekend,0.0,0.013058224585473795,290,0.0,0.0,0.95,0.0
10,5,2,63,A*slot_pm,-0.03625713223570627,0.013058224585473795,290,-0.09462713759016492,0.021357380003493506,0.95,0.029683405661183333
10,5,2,64,A*weekday_vs_weekend*E_w,0.0,0.013058224585473795,290,0.0,0.0,0.95,0.0
10,5,2,65,A*slot_pm*E_w,0.008171735561681387,0.013058224585473795,290,-0.014849246463873821,0.02908522945139585,0.95,0.011201506408785518
10,5,2,66,A*weekday_vs_weekend*CAE_avg_lastweek,0.0,0.013058224585473795,290,0.0,0.0,0.95,0.0
10,5,2,67,A*slot_pm*CAE_avg_lastweek,0.016087823761534486,0.013058224585473795,290,-0.020817247051373642,0.04619252120063644,0.95,0.01677163956869762
10,5,2,68,A*yesterday_step_count,0.003577015681740606,0.013058224585473795,290,-0.06420996074921342,0.057733385968161785,0.95,0.0323082043378824
10,5,2,69,A*ema_step_count,0.02655486162411768,0.013058224585473795,290,-0.05679215499128478,0.12971496835171925,0.95,0.0466321658125703
10,5,2,70,A*prior2hour_step_count,-0.024109382018052294,0.013058224585473795,290,-0.0883443021455538,0.05347532938051525,0.95,0.03576705110992442
10,5,2,71,A*previous7days_rpa,-0.01546808060990251,0.013058224585473795,290,-0.18276076186289575,0.11965108447473925,0.95,0.0765471473607892
10,5,2,72,A*active_status_fraction_7days,-0.007254020970907991,0.013058224585473795,290,-0.10588017567305044,0.13922884747718559,0.95,0.06229686357927069
10,5,2,73,A*recent_burden,0.002965366459381696,0.013058224585473795,290,-0.0476777000659647,0.04884105654152519,0.95,0.025177957233806884
10,5,2,74,A*salience_yesterday,0.04434815216836465,0.013058224585473795,290,-0.04189952417923063,0.13836397858597738,0.95,0.046570227281494715
10,5,2,75,A*walk_interaction_7d,-0.03830076168065391,0.013058224585473795,290,-0.18345459442866677,0.12504081042742196,0.95,0.07624171540068625
11,6,1,0,intercept,-0.14550571402631668,0.007602025358380271,290,-0.46094850772765344,0.18218178644625296,0.95,0.1610000962710336
11,6,1,1,weekday_vs_weekend,-0.14550571402629342,0.007602025358380271,290,-0.46094850772764423,0.1821817864462385,0.95,0.16100009627103357
11,6,1,2,slot_pm,0.0,0.007602025358380271,290,0.0,0.0,0.95,0.0
11,6,1,3,E_w,-0.008683143805493758,0.007602025358380271,290,-0.0725154481490457,0.03706785241318818,0.95,0.026696421249114102
11,6,1,4,weekday_vs_weekend*E_w,-0.008683143805495421,0.007602025358380271,290,-0.07251544814905324,0.037067852413188884,0.95,0.026696421249114234
11,6,1,5,slot_pm*E_w,0.0,0.007602025358380271,290,0.0,0.0,0.95,0.0
11,6,1,6,CAE_avg_lastweek,0.4171346039019424,0.007602025358380271,290,0.22568521546809314,0.5179748524533259,0.95,0.07397052540942928
11,6,1,7,weekday_vs_weekend*CAE_avg_lastweek,0.4171346039019367,0.007602025358380271,290,0.22568521546808418,0.5179748524533326,0.95,0.07397052540942887
11,6,1,8,slot_pm*CAE_avg_lastweek,0.0,0.007602025358380271,290,0.0,0.0,0.95,0.0
11,6,1,9,M_Y_day1_fourSC_morning,0.005133783845366708,0.007602025358380271,290,-0.08493573832111467,0.10685602988706965,0.95,0.04881560911694889
11,6,1,10,M_Y_day1_fourSC_afternoon,-0.05168154702709962,0.007602025358380271,290,-0.18655692037911728,0.08720532356038464,0.95,0.07212758612505436
11,6,1,11,M_Y_day1_anticipated_affect,0.29636296589302574,0.007602025358380271,290,0.050466556187402783,0.6088529210194934,0.95,0.14656857538177664
11,6,1,12,M_Y_day2_fourSC_morning,-0.02050980460636869,0.007602025358380271,290,-0.21325987711405725,0.1079917974967775,0.95,0.07574044946651477
11,6,1,13,M_Y_day2_fourSC_afternoon,0.1470548875359264,0.007602025358380271,290,-0.05603855664337268,0.334256108927293,0.95,0.09830252337831219
11,6,1,14,M_Y_day2_anticipated_affect,0.04974989668012018,0.007602025358380271,290,-0.2999164213400985,0.48083530815070125,0.95,0.2043265597419946
11,6,1,15,M_Y_day3_fourSC_morning,-0.06376676180193999,0.007602025358380271,290,-0.18626863547046815,0.0483231260865416,0.95,0.059201914343535826
11,6,1,16,M_Y_day3_fourSC_afternoon,-0.0573530413672067,0.007602025358380271,290,-0.1846821275582928,0.08264668935183225,0.95,0.06659909737329013
11,6,1,17,M_Y_day3_anticipated_affect,-0.004139597175327577,0.007602025358380271,290,-0.24979830515150583,0.35033938564960565,0.95,0.15701286650653695
11,6,1,18,M_Y_day4_fourSC_morning,0.011484935512669008,0.007602025358380271,290,-0.14018542283335755,0.2072681662717146,0.95,0.08676347898776032
11,6,1,19,M_Y_day4_fourSC_afternoon,0.1420885718205122,0.007602025358380271,290,-0.004030529360096814,0.2654145136104281,0.95,0.0667054744899559
11,6,1,20,M_Y_day4_anticipated_affect,0.419793044525775,0.007602025358380271,290,0.1581100981917004,0.8161500934604116,0.95,0.16665907416073994
11,6,1,21,M_Y_day5_fourSC_morning,-0.002283230320606474,0.007602025358380271,290,-0.10293589984516037,0.08196444021308164,0.95,0.04511409856526132
11,6,1,22,M_Y_day5_fourSC_afternoon,0.03852810864707729,0.007602025358380271,290,-0.11203601434480752,0.22453488426844986,0.95,0.08649980729852919
11,6,1,23,M_Y_day5_anticipated_affect,0.4011189294132522,0.007602025358380271,290,0.016308096170396514,0.8139793140933282,0.95,0.2042043966259773
11,6,1,24,M_Y_day6_fourSC_morning,0.0,0.007602025358380271,290,0.0,0.0,0.95,0.0
11,6,1,25,M_Y_day6_fourSC_afternoon,0.0,0.007602025358380271,290,0.0,0.0,0.95,0.0
11,6,1,26,M_Y_day6_anticipated_affect,0.0,0.007602025358380271,290,0.0,0.0,0.95,0.0
11,6,1,27,M_E_day1_pageview_morning,0.08755986265495815,0.007602025358380271,290,0.03261345489621317,0.1613015811009593,0.95,0.031493720109879185
11,6,1,28,M_E_day1_pageview_afternoon,-0.07367580344682603,0.007602025358380271,290,-0.15813709078226246,-0.006976583604182456,0.95,0.039301916844063936
11,6,1,29,M_E_day1_morning_fitbit_wear,0.1622160736139244,0.007602025358380271,290,-0.06320672478211656,0.4129345439336791,0.95,0.12194929222984495
11,6,1,30,M_E_day1_daily_survey_complete,0.03619982464502582,0.007602025358380271,290,-0.1288102364038096,0.18866418155675088,0.95,0.08047775353213767
11,6,1,31,M_E_day2_pageview_morning,0.04775039035981682,0.007602025358380271,290,-0.05444048598078751,0.10499391708215394,0.95,0.040887894951647095
11,6,1,32,M_E_day2_pageview_afternoon,-0.0039798287238578004,0.007602025358380271,290,-0.09900472840694158,0.05515755539324409,0.95,0.03969613430999062
11,6,1,33,M_E_day2_morning_fitbit_wear,-0.13815100023089666,0.007602025358380271,290,-0.3648983261970057,0.10106293305927089,0.95,0.11694135867530933
11,6,1,34,M_E_day2_daily_survey_complete,-0.09565256227427685,0.007602025358380271,290,-0.2996216932349726,0.09779694945042186,0.95,0.1016035483249486
11,6,1,35,M_E_day3_pageview_morning,-0.10597253056552193,0.007602025358380271,290,-0.29165941061573153,0.06518690527398309,0.95,0.08792332097911483
11,6,1,36,M_E_day3_pageview_afternoon,-0.10941625601901361,0.007602025358380271,290,-0.19527107827624332,0.0013145098229653505,0.95,0.052211486338723655
11,6,1,37,M_E_day3_morning_fitbit_wear,-0.041404177728166354,0.007602025358380271,290,-0.3475957374664064,0.19881950802968187,0.95,0.12992351714255682
11,6,1,38,M_E_day3_daily_survey_complete,0.002044617942323576,0.007602025358380271,290,-0.1320419967224491,0.18610173724997695,0.95,0.079774981448095
11,6,1,39,M_E_day4_pageview_morning,0.09376812164091147,0.007602025358380271,290,0.014083179989679197,0.20318197866305426,0.95,0.048900667819937904
11,6,1,40,M_E_day4_pageview_afternoon,0.06382115818606551,0.007602025358380271,290,-0.014283057619855108,0.10810490221685584,0.95,0.030596658726955685
11,6,1,41,M_E_day4_morning_fitbit_wear,-0.12417901436150496,0.007602025358380271,290,-0.31071068867211227,0.11239476811492596,0.95,0.10702079989437509
11,6,1,42,M_E_day4_daily_survey_complete,-0.06325167822951973,0.007602025358380271,290,-0.19113694699062925,0.08134890698991439,0.95,0.0711738039106368
11,6,1,43,M_E_day5_pageview_morning,-0.030950324460948725,0.007602025358380271,290,-0.1151834745041905,0.07142256904130515,0.95,0.046498018321967496
11,6,1,44,M_E_day5_pageview_afternoon,-0.04054512811497127,0.007602025358380271,290,-0.0928277999980073,0.043093243421418084,0.95,0.03412669175570909
11,6,1,45,M_E_day5_morning_fitbit_wear,0.07067869741659599,0.007602025358380271,290,-0.18018848518361275,0.29391075883574835,0.95,0.12501873574347153
11,6,1,46,M_E_day5_daily_survey_complete,0.11195533504224811,0.007602025358380271,290,-0.07601903936953994,0.33728026358484714,0.95,0.10670051101180823
11,6,1,47,M_E_day6_pageview_morning,0.0,0.007602025358380271,290,0.0,0.0,0.95,0.0
11,6,1,48,M_E_day6_pageview_afternoon,0.0,0.007602025358380271,290,0.0,0.0,0.95,0.0
11,6,1,49,M_E_day6_morning_fitbit_wear,0.0,0.007602025358380271,290,0.0,0.0,0.95,0.0
11,6,1,50,M_E_day6_daily_survey_complete,0.0,0.007602025358380271,290,0.0,0.0,0.95,0.0
11,6,1,51,yesterday_step_count,-0.11942516003340643,0.007602025358380271,290,-0.4043601305055984,0.11124403606225301,0.95,0.12931796582486094
11,6,1,52,ema_step_count,0.02595517283618594,0.007602025358380271,290,-0.05439980082475459,0.13006016956937483,0.95,0.04360987736646691
11,6,1,53,prior2hour_step_count,-0.045196114222344375,0.007602025358380271,290,-0.14681747473123968,0.0443363390122156,0.95,0.04698472334743578
11,6,1,54,previous7days_rpa,0.03467321871639053,0.007602025358380271,290,-0.31737055097464834,0.30425679355147245,0.95,0.1564146964238467
11,6,1,55,active_status_fraction_7days,0.36306493558313707,0.007602025358380271,290,-0.03234751574355854,0.7031801896604241,0.95,0.19264480541747092
11,6,1,56,recent_burden,-0.01566230085524742,0.007602025358380271,290,-0.09804853266243223,0.06415632581359791,0.95,0.040800541645726864
11,6,1,57,salience_yesterday,-0.13532477986371494,0.007602025358380271,290,-0.29096281539114394,0.07177316427301121,0.95,0.09498919097536125
11,6,1,58,walk_interaction_7d,-0.12128931984945222,0.007602025358380271,290,-0.38263281958301504,0.274950875383298,0.95,0.17092983273903398
11,6,1,59,A,-0.02001283792187455,0.007602025358380271,290,-0.08254573483966382,0.021967004123989654,0.95,0.026162061115384022
11,6,1,60,A*E_w,0.010141473021540441,0.007602025358380271,290,-0.010736396839552338,0.03748389654343788,0.95,0.012259049797165585
11,6,1,61,A*CAE_avg_lastweek,0.0068410794112489645,0.007602025358380271,290,-0.03176165061124597,0.03211207004241539,0.95,0.01620761088554594
11,6,1,62,A*weekday_vs_weekend,-0.020012837921875058,0.007602025358380271,290,-0.08254573483966413,0.02196700412398979,0.95,0.02616206111538403
11,6,1,63,A*slot_pm,0.0,0.007602025358380271,290,0.0,0.0,0.95,0.0
11,6,1,64,A*weekday_vs_weekend*E_w,0.010141473021542181,0.007602025358380271,290,-0.010736396839551502,0.037483896543436826,0.95,0.012259049797165487
11,6,1,65,A*slot_pm*E_w,0.0,0.007602025358380271,290,0.0,0.0,0.95,0.0
11,6,1,66,A*weekday_vs_weekend*CAE_avg_lastweek,0.006841079411249032,0.007602025358380271,290,-0.03176165061124596,0.03211207004241538,0.95,0.016207610885545936
11,6,1,67,A*slot_pm*CAE_avg_lastweek,0.0,0.007602025358380271,290,0.0,0.0,0.95,0.0
11,6,1,68,A*yesterday_step_count,-0.04072442754783732,0.007602025358380271,290,-0.13606145168148834,0.04090658462023961,0.95,0.04297807766233073
11,6,1,69,A*ema_step_count,0.014671137187652885,0.007602025358380271,290,-0.045267715749734004,0.0799533678970152,0.95,0.03058516252426619
11,6,1,70,A*prior2hour_step_count,0.04435222036864723,0.007602025358380271,290,-0.056001639318562224,0.14717086683880737,0.95,0.050997795919788494
11,6,1,71,A*previous7days_rpa,0.002383021286607271,0.007602025358380271,290,-0.12731627724967043,0.1625307578450924,0.95,0.06900623659553633
11,6,1,72,A*active_status_fraction_7days,0.04759536623682807,0.007602025358380271,290,-0.07337142378189217,0.15390166527645624,0.95,0.056834998433811186
11,6,1,73,A*recent_burden,0.0026778307764911934,0.007602025358380271,290,-0.044761803173900515,0.04912489413905322,0.95,0.022809568397396767
11,6,1,74,A*salience_yesterday,-0.022233446950804293,0.007602025358380271,290,-0.13591403698529556,0.06441362271279677,0.95,0.050658618591825154
11,6,1,75,A*walk_interaction_7d,-0.06934329952702713,0.007602025358380271,290,-0.17792633802638516,0.121533080412609,0.95,0.07809234589949862
12,6,2,0,intercept,-0.13078763409410044,0.3887091149222122,290,-0.4051644404797964,0.11068179727876219,0.95,0.12885229853308186
12,6,2,1,weekday_vs_weekend,-0.13078763409411254,0.3887091149222122,290,-0.4051644404798082,0.11068179727869756,0.95,0.12885229853308214
12,6,2,2,slot_pm,-0.13078763409408217,0.3887091149222122,290,-0.4051644404798257,0.11068179727870986,0.95,0.12885229853308255
12,6,2,3,E_w,-0.005662860294159078,0.3887091149222122,290,-0.05432291184771235,0.02694749100035691,0.95,0.01970055069258639
12,6,2,4,weekday_vs_weekend*E_w,-0.005662860294166295,0.3887091149222122,290,-0.054322911847721055,0.026947491000359307,0.95,0.019700550692586142
12,6,2,5,slot_pm*E_w,-0.005662860294170336,0.3887091149222122,290,-0.054322911847723046,0.026947491000370572,0.95,0.01970055069258656
12,6,2,6,CAE_avg_lastweek,0.2870523896934208,0.3887091149222122,290,0.13371623219140552,0.37496192469503864,0.95,0.06283871784105366
12,6,2,7,weekday_vs_weekend*CAE_avg_lastweek,0.28705238969341645,0.3887091149222122,290,0.13371623219139842,0.3749619246950455,0.95,0.0628387178410537
12,6,2,8,slot_pm*CAE_avg_lastweek,0.28705238969340746,0.3887091149222122,290,0.133716232191387,0.37496192469504974,0.95,0.06283871784105337
12,6,2,9,M_Y_day1_fourSC_morning,0.025790604108092353,0.3887091149222122,290,-0.06624613289224944,0.12545277984064948,0.95,0.04670897802482373
12,6,2,10,M_Y_day1_fourSC_afternoon,-0.05864828267415773,0.3887091149222122,290,-0.21313204907478414,0.08493828409561927,0.95,0.07980086216283154
12,6,2,11,M_Y_day1_anticipated_affect,0.312821876621512,0.3887091149222122,290,-0.12601065091263966,0.8711918898926868,0.95,0.2513033021053933
12,6,2,12,M_Y_day2_fourSC_morning,-0.014079874577751268,0.3887091149222122,290,-0.20948554231722358,0.12255368902945003,0.95,0.08029137880260849
12,6,2,13,M_Y_day2_fourSC_afternoon,0.11986992692970981,0.3887091149222122,290,-0.09603273881691622,0.34947212528661753,0.95,0.11550326940683465
12,6,2,14,M_Y_day2_anticipated_affect,-0.0035340814926815476,0.3887091149222122,290,-0.5768962614645327,0.7436562310219447,0.95,0.3412592422904033
12,6,2,15,M_Y_day3_fourSC_morning,-0.042974665133679237,0.3887091149222122,290,-0.18539226236163067,0.09041844296742989,0.95,0.07159478637518647
12,6,2,16,M_Y_day3_fourSC_afternoon,-0.1252420768839396,0.3887091149222122,290,-0.28600698922326323,0.07796166144291221,0.95,0.09023001560190641
12,6,2,17,M_Y_day3_anticipated_affect,-0.25562595991433384,0.3887091149222122,290,-0.7398209315966562,0.41920206666071697,0.95,0.3030283802222337
12,6,2,18,M_Y_day4_fourSC_morning,0.034670684770801624,0.3887091149222122,290,-0.12806556552841072,0.2405907105054292,0.95,0.08920266495302386
12,6,2,19,M_Y_day4_fourSC_afternoon,0.11891604363452069,0.3887091149222122,290,-0.0513359035123704,0.2884530141498821,0.95,0.08758548449443042
12,6,2,20,M_Y_day4_anticipated_affect,0.6854415870738497,0.3887091149222122,290,0.26341145307928954,1.2511324670166424,0.95,0.25383228394580537
12,6,2,21,M_Y_day5_fourSC_morning,0.012255047885816404,0.3887091149222122,290,-0.09262166799247162,0.10331775883674807,0.95,0.04898824368078857
12,6,2,22,M_Y_day5_fourSC_afternoon,-0.01489943680236914,0.3887091149222122,290,-0.1596858705365258,0.21816632555665946,0.95,0.09893545907081437
12,6,2,23,M_Y_day5_anticipated_affect,0.5647981745526056,0.3887091149222122,290,-0.11915338146247628,1.1099310399876139,0.95,0.31768818320455305
12,6,2,24,M_Y_day6_fourSC_morning,-0.04066791765686849,0.3887091149222122,290,-0.21628190164232355,0.1227784655087794,0.95,0.08765289067179423
12,6,2,25,M_Y_day6_fourSC_afternoon,0.0,0.3887091149222122,290,0.0,0.0,0.95,0.0
12,6,2,26,M_Y_day6_anticipated_affect,0.0,0.3887091149222122,290,0.0,0.0,0.95,0.0
12,6,2,27,M_E_day1_pageview_morning,0.08939851282445284,0.3887091149222122,290,0.026839149040391745,0.16621246974197385,0.95,0.03476898834829228
12,6,2,28,M_E_day1_pageview_afternoon,-0.07625243843650145,0.3887091149222122,290,-0.16593951957644731,0.0007111497730029963,0.95,0.04244790258672816
12,6,2,29,M_E_day1_morning_fitbit_wear,0.2076706782446955,0.3887091149222122,290,-0.11421291234729972,0.5398679053381384,0.95,0.16880637780332536
12,6,2,30,M_E_day1_daily_survey_complete,0.06721168280086423,0.3887091149222122,290,-0.12596725294364583,0.23480820466235947,0.95,0.0947555556548877
12,6,2,31,M_E_day2_pageview_morning,0.04736222564149964,0.3887091149222122,290,-0.06545380291230951,0.1068252176962332,0.95,0.04517106989007458
12,6,2,32,M_E_day2_pageview_afternoon,-0.0055122985117967436,0.3887091149222122,290,-0.09601046589826089,0.058033576533901184,0.95,0.039739483743888054
12,6,2,33,M_E_day2_morning_fitbit_wear,-0.14648122144782635,0.3887091149222122,290,-0.4143098677716801,0.13331300507609167,0.95,0.13958291632697545
12,6,2,34,M_E_day2_daily_survey_complete,-0.11084399926837421,0.3887091149222122,290,-0.347198522950091,0.10463324423871363,0.95,0.11540364597143908
12,6,2,35,M_E_day3_pageview_morning,-0.11023291603964773,0.3887091149222122,290,-0.3268308102499297,0.09293038608431588,0.95,0.10437596225902716
12,6,2,36,M_E_day3_pageview_afternoon,-0.12095256299166388,0.3887091149222122,290,-0.21739354906136196,-0.0014673632319920772,0.95,0.05755296876389836
12,6,2,37,M_E_day3_morning_fitbit_wear,-0.03210875762735082,0.3887091149222122,290,-0.3337795211933623,0.25225917474242976,0.95,0.1511850848114548
12,6,2,38,M_E_day3_daily_survey_complete,-0.033903987227216374,0.3887091149222122,290,-0.17839893995656053,0.14917595991478252,0.95,0.08454859414016444
12,6,2,39,M_E_day4_pageview_morning,0.09896850573193348,0.3887091149222122,290,0.020316812252284204,0.21797785748861065,0.95,0.053170844658649116
12,6,2,40,M_E_day4_pageview_afternoon,0.06570737084253765,0.3887091149222122,290,-0.024793255086570813,0.11534155635636027,0.95,0.03472637142168799
12,6,2,41,M_E_day4_morning_fitbit_wear,-0.16408542328147027,0.3887091149222122,290,-0.4066102427722823,0.148476018099194,0.95,0.14427838264691742
12,6,2,42,M_E_day4_daily_survey_complete,-0.05095915181653691,0.3887091149222122,290,-0.22173620369517638,0.10628593765836808,0.95,0.08364486701078581
12,6,2,43,M_E_day5_pageview_morning,-0.04046621991532644,0.3887091149222122,290,-0.13031196215733012,0.07257102478782335,0.95,0.05203099202663343
12,6,2,44,M_E_day5_pageview_afternoon,-0.03727668580029504,0.3887091149222122,290,-0.10163834927628979,0.05340972898359073,0.95,0.03924827730651544
12,6,2,45,M_E_day5_morning_fitbit_wear,0.07138346655638649,0.3887091149222122,290,-0.22122173907949094,0.34857148798818816,0.95,0.14948937970477796
12,6,2,46,M_E_day5_daily_survey_complete,0.12361938336561853,0.3887091149222122,290,-0.08437232451464526,0.3753407896637861,0.95,0.12149362550093622
12,6,2,47,M_E_day6_pageview_morning,0.004360777923608932,0.3887091149222122,290,-0.07038451168488714,0.08258935516240337,0.95,0.03943480241941321
12,6,2,48,M_E_day6_pageview_afternoon,0.0,0.3887091149222122,290,0.0,0.0,0.95,0.0
12,6,2,49,M_E_day6_morning_fitbit_wear,0.0,0.3887091149222122,290,0.0,0.0,0.95,0.0
12,6,2,50,M_E_day6_daily_survey_complete,0.0,0.3887091149222122,290,0.0,0.0,0.95,0.0
12,6,2,51,yesterday_step_count,-0.15215809448315976,0.3887091149222122,290,-0.4753048542311676,0.13623034594755554,0.95,0.15681135953121014
12,6,2,52,ema_step_count,0.23783168348397768,0.3887091149222122,290,-0.17886699040622123,0.6244566496853061,0.95,0.2036384713156215
12,6,2,53,prior2hour_step_count,-0.028148818172110776,0.3887091149222122,290,-0.14926473647741778,0.07576086327441019,0.95,0.057917265288856365
12,6,2,54,previous7days_rpa,0.08185571112600991,0.3887091149222122,290,-0.3294027604280304,0.3849691120852412,0.95,0.18604678388811394
12,6,2,55,active_status_fraction_7days,0.4603206210926476,0.3887091149222122,290,-0.02022617579812197,0.9471209079495878,0.95,0.24453619669195104
12,6,2,56,recent_burden,-0.016539769078560123,0.3887091149222122,290,-0.11413975396315558,0.0911824128952012,0.95,0.05153285880718279
12,6,2,57,salience_yesterday,-0.18782070249126026,0.3887091149222122,290,-0.3551735288338214,0.0553088297117409,0.95,0.10575071782156407
12,6,2,58,walk_interaction_7d,-0.12425401750712502,0.3887091149222122,290,-0.5917308650086924,0.43246347733665863,0.95,0.27020180236355124
12,6,2,59,A,-0.09413553401083552,0.3887091149222122,290,-0.25278060614815656,0.045285169832019787,0.95,0.07669824991582536
12,6,2,60,A*E_w,0.001789248192196533,0.3887091149222122,290,-0.03171929959746097,0.046288720222453165,0.95,0.020528770740104774
12,6,2,61,A*CAE_avg_lastweek,0.0016754820553824253,0.3887091149222122,290,-0.12211007230805393,0.0731827012587034,0.95,0.048862544300156956
12,6,2,62,A*weekday_vs_weekend,-0.094135534010837,0.3887091149222122,290,-0.25278060614815623,0.0452851698320205,0.95,0.07669824991582533
12,6,2,63,A*slot_pm,-0.09413553401083695,0.3887091149222122,290,-0.2527806061481563,0.04528516983202051,0.95,0.0766982499158253
12,6,2,64,A*weekday_vs_weekend*E_w,0.001789248192197945,0.3887091149222122,290,-0.03171929959746292,0.04628872022245213,0.95,0.020528770740104937
12,6,2,65,A*slot_pm*E_w,0.001789248192197942,0.3887091149222122,290,-0.03171929959746292,0.046288720222452125,0.95,0.020528770740104937
12,6,2,66,A*weekday_vs_weekend*CAE_avg_lastweek,0.001675482055382382,0.3887091149222122,290,-0.12211007230805355,0.07318270125870287,0.95,0.048862544300157004
12,6,2,67,A*slot_pm*CAE_avg_lastweek,0.0016754820553823515,0.3887091149222122,290,-0.12211007230805387,0.07318270125870294,0.95,0.04886254430015698
12,6,2,68,A*yesterday_step_count,0.00427109363891865,0.3887091149222122,290,-0.20881441907158646,0.23679834887002715,0.95,0.11252866117942642
12,6,2,69,A*ema_step_count,-0.2869508470229392,0.3887091149222122,290,-0.6337130341556685,0.005540516569697859,0.95,0.16253226503662224
12,6,2,70,A*prior2hour_step_count,0.10252024973384226,0.3887091149222122,290,-0.07441113040626503,0.3279066106154223,0.95,0.10428666112126266
12,6,2,71,A*previous7days_rpa,-0.15986312929178673,0.3887091149222122,290,-0.5640808588407955,0.4694678529024307,0.95,0.26624122326525473
12,6,2,72,A*active_status_fraction_7days,-0.09896337433464764,0.3887091149222122,290,-0.5055885384878563,0.31050798269644997,0.95,0.1994995725623231
12,6,2,73,A*recent_burden,-0.017706253625876904,0.3887091149222122,290,-0.165400083168215,0.12342074746717276,0.95,0.07671644281425127
12,6,2,74,A*salience_yesterday,0.1893009189931967,0.3887091149222122,290,-0.1639233712688106,0.4261562410888492,0.95,0.15328460405456792
12,6,2,75,A*walk_interaction_7d,0.07377128349624038,0.3887091149222122,290,-0.40230486718241354,0.6213065399907438,0.95,0.25744147604921636
