horizon,day,slot,index,feature,coef_unified_kernel,coef_legacy_separate,difference,abs_difference,relative_abs_diff,sigma2_primary,sigma2_legacy,n_obs_primary,n_obs_legacy
1,1,1,0,intercept,0.17984189482087823,0.3090472995137383,0.1292054046928601,0.1292054046928601,0.41807647210040233,0.0010163739187037512,0.000296816011454261,319,319
1,1,1,1,weekday_vs_weekend,0.0,0.0,0.0,0.0,0.0,0.0010163739187037512,0.000296816011454261,319,319
1,1,1,2,slot_pm,0.0,0.0,0.0,0.0,0.0,0.0010163739187037512,0.000296816011454261,319,319
1,1,1,3,E_w,-0.011407715705895572,-0.022858668756308046,-0.011450953050412474,0.011450953050412474,0.500945753774593,0.0010163739187037512,0.000296816011454261,319,319
1,1,1,4,weekday_vs_weekend*E_w,0.0,0.0,0.0,0.0,0.0,0.0010163739187037512,0.000296816011454261,319,319
1,1,1,5,slot_pm*E_w,0.0,0.0,0.0,0.0,0.0,0.0010163739187037512,0.000296816011454261,319,319
1,1,1,6,b_hat,0.601316397062707,0.8613486545892085,0.2600322575265015,0.2600322575265015,0.30188966586418503,0.0010163739187037512,0.000296816011454261,319,319
1,1,1,7,weekday_vs_weekend*b_hat,0.0,0.0,0.0,0.0,0.0,0.0010163739187037512,0.000296816011454261,319,319
1,1,1,8,slot_pm*b_hat,0.0,0.0,0.0,0.0,0.0,0.0010163739187037512,0.000296816011454261,319,319
1,1,1,9,b_tilde,0.0,0.0,0.0,0.0,0.0,0.0010163739187037512,0.000296816011454261,319,319
1,1,1,10,M_Y_day1_fourSC_morning,0.0,0.0,0.0,0.0,0.0,0.0010163739187037512,0.000296816011454261,319,319
1,1,1,11,M_Y_day1_fourSC_afternoon,0.0,0.0,0.0,0.0,0.0,0.0010163739187037512,0.000296816011454261,319,319
1,1,1,12,M_Y_day1_anticipated_affect,0.0,0.0,0.0,0.0,0.0,0.0010163739187037512,0.000296816011454261,319,319
1,1,1,13,M_Y_day2_fourSC_morning,0.0,0.0,0.0,0.0,0.0,0.0010163739187037512,0.000296816011454261,319,319
1,1,1,14,M_Y_day2_fourSC_afternoon,0.0,0.0,0.0,0.0,0.0,0.0010163739187037512,0.000296816011454261,319,319
1,1,1,15,M_Y_day2_anticipated_affect,0.0,0.0,0.0,0.0,0.0,0.0010163739187037512,0.000296816011454261,319,319
1,1,1,16,M_Y_day3_fourSC_morning,0.0,0.0,0.0,0.0,0.0,0.0010163739187037512,0.000296816011454261,319,319
1,1,1,17,M_Y_day3_fourSC_afternoon,0.0,0.0,0.0,0.0,0.0,0.0010163739187037512,0.000296816011454261,319,319
1,1,1,18,M_Y_day3_anticipated_affect,0.0,0.0,0.0,0.0,0.0,0.0010163739187037512,0.000296816011454261,319,319
1,1,1,19,M_Y_day4_fourSC_morning,0.0,0.0,0.0,0.0,0.0,0.0010163739187037512,0.000296816011454261,319,319
1,1,1,20,M_Y_day4_fourSC_afternoon,0.0,0.0,0.0,0.0,0.0,0.0010163739187037512,0.000296816011454261,319,319
1,1,1,21,M_Y_day4_anticipated_affect,0.0,0.0,0.0,0.0,0.0,0.0010163739187037512,0.000296816011454261,319,319
1,1,1,22,M_Y_day5_fourSC_morning,0.0,0.0,0.0,0.0,0.0,0.0010163739187037512,0.000296816011454261,319,319
1,1,1,23,M_Y_day5_fourSC_afternoon,0.0,0.0,0.0,0.0,0.0,0.0010163739187037512,0.000296816011454261,319,319
1,1,1,24,M_Y_day5_anticipated_affect,0.0,0.0,0.0,0.0,0.0,0.0010163739187037512,0.000296816011454261,319,319
1,1,1,25,M_Y_day6_fourSC_morning,0.0,0.0,0.0,0.0,0.0,0.0010163739187037512,0.000296816011454261,319,319
1,1,1,26,M_Y_day6_fourSC_afternoon,0.0,0.0,0.0,0.0,0.0,0.0010163739187037512,0.000296816011454261,319,319
1,1,1,27,M_Y_day6_anticipated_affect,0.0,0.0,0.0,0.0,0.0,0.0010163739187037512,0.000296816011454261,319,319
1,1,1,28,M_E_day1_pageview_morning,0.0,0.0,0.0,0.0,0.0,0.0010163739187037512,0.000296816011454261,319,319
1,1,1,29,M_E_day1_pageview_afternoon,0.0,0.0,0.0,0.0,0.0,0.0010163739187037512,0.000296816011454261,319,319
1,1,1,30,M_E_day1_morning_fitbit_wear,0.0,0.0,0.0,0.0,0.0,0.0010163739187037512,0.000296816011454261,319,319
1,1,1,31,M_E_day1_daily_survey_complete,0.0,0.0,0.0,0.0,0.0,0.0010163739187037512,0.000296816011454261,319,319
1,1,1,32,M_E_day2_pageview_morning,0.0,0.0,0.0,0.0,0.0,0.0010163739187037512,0.000296816011454261,319,319
1,1,1,33,M_E_day2_pageview_afternoon,0.0,0.0,0.0,0.0,0.0,0.0010163739187037512,0.000296816011454261,319,319
1,1,1,34,M_E_day2_morning_fitbit_wear,0.0,0.0,0.0,0.0,0.0,0.0010163739187037512,0.000296816011454261,319,319
1,1,1,35,M_E_day2_daily_survey_complete,0.0,0.0,0.0,0.0,0.0,0.0010163739187037512,0.000296816011454261,319,319
1,1,1,36,M_E_day3_pageview_morning,0.0,0.0,0.0,0.0,0.0,0.0010163739187037512,0.000296816011454261,319,319
1,1,1,37,M_E_day3_pageview_afternoon,0.0,0.0,0.0,0.0,0.0,0.0010163739187037512,0.000296816011454261,319,319
1,1,1,38,M_E_day3_morning_fitbit_wear,0.0,0.0,0.0,0.0,0.0,0.0010163739187037512,0.000296816011454261,319,319
1,1,1,39,M_E_day3_daily_survey_complete,0.0,0.0,0.0,0.0,0.0,0.0010163739187037512,0.000296816011454261,319,319
1,1,1,40,M_E_day4_pageview_morning,0.0,0.0,0.0,0.0,0.0,0.0010163739187037512,0.000296816011454261,319,319
1,1,1,41,M_E_day4_pageview_afternoon,0.0,0.0,0.0,0.0,0.0,0.0010163739187037512,0.000296816011454261,319,319
1,1,1,42,M_E_day4_morning_fitbit_wear,0.0,0.0,0.0,0.0,0.0,0.0010163739187037512,0.000296816011454261,319,319
1,1,1,43,M_E_day4_daily_survey_complete,0.0,0.0,0.0,0.0,0.0,0.0010163739187037512,0.000296816011454261,319,319
1,1,1,44,M_E_day5_pageview_morning,0.0,0.0,0.0,0.0,0.0,0.0010163739187037512,0.000296816011454261,319,319
1,1,1,45,M_E_day5_pageview_afternoon,0.0,0.0,0.0,0.0,0.0,0.0010163739187037512,0.000296816011454261,319,319
1,1,1,46,M_E_day5_morning_fitbit_wear,0.0,0.0,0.0,0.0,0.0,0.0010163739187037512,0.000296816011454261,319,319
1,1,1,47,M_E_day5_daily_survey_complete,0.0,0.0,0.0,0.0,0.0,0.0010163739187037512,0.000296816011454261,319,319
1,1,1,48,M_E_day6_pageview_morning,0.0,0.0,0.0,0.0,0.0,0.0010163739187037512,0.000296816011454261,319,319
1,1,1,49,M_E_day6_pageview_afternoon,0.0,0.0,0.0,0.0,0.0,0.0010163739187037512,0.000296816011454261,319,319
1,1,1,50,M_E_day6_morning_fitbit_wear,0.0,0.0,0.0,0.0,0.0,0.0010163739187037512,0.000296816011454261,319,319
1,1,1,51,M_E_day6_daily_survey_complete,0.0,0.0,0.0,0.0,0.0,0.0010163739187037512,0.000296816011454261,319,319
1,1,1,52,yesterday_step_count,0.015403276377999589,0.009510530640387494,-0.005892745737612094,0.005892745737612094,0.38256443583838234,0.0010163739187037512,0.000296816011454261,319,319
1,1,1,53,ema_step_count,-0.0068283624011235815,0.0007358992428421714,0.007564261643965753,0.007564261643965753,1.107770970492293,0.0010163739187037512,0.000296816011454261,319,319
1,1,1,54,prior2hour_step_count,0.002168127929707286,0.003604272541731334,0.001436144612024048,0.001436144612024048,0.39845616428722874,0.0010163739187037512,0.000296816011454261,319,319
1,1,1,55,previous7days_rpa,0.10745009257928016,0.10892945217676162,0.0014793595974814527,0.0014793595974814527,0.013580896331699819,0.0010163739187037512,0.000296816011454261,319,319
1,1,1,56,active_status_fraction_7days,0.10460748631139928,0.09561671659136739,-0.008990769720031891,0.008990769720031891,0.08594767006701459,0.0010163739187037512,0.000296816011454261,319,319
1,1,1,57,recent_burden,0.004292636401571995,-0.011681904014455598,-0.015974540416027593,0.015974540416027593,1.3674603383369814,0.0010163739187037512,0.000296816011454261,319,319
1,1,1,58,salience_yesterday,-0.012478701368770927,0.0010149979643517763,0.013493699333122703,0.013493699333122703,1.081338428924335,0.0010163739187037512,0.000296816011454261,319,319
1,1,1,59,walk_interaction_7d,0.11067668174283928,0.026434140799040516,-0.08424254094379877,0.08424254094379877,0.7611588965012426,0.0010163739187037512,0.000296816011454261,319,319
1,1,1,60,A,0.0027244732821255662,0.01255606589236127,0.009831592610235704,0.009831592610235704,0.7830153723720857,0.0010163739187037512,0.000296816011454261,319,319
1,1,1,61,A*E_w,0.00019837198435938648,-0.0025150050904859224,-0.002713377074845309,0.002713377074845309,1.0788753808530303,0.0010163739187037512,0.000296816011454261,319,319
1,1,1,62,A*b_hat,0.009741206780483468,0.008465606549366572,-0.0012756002311168965,0.0012756002311168965,0.13094889163759102,0.0010163739187037512,0.000296816011454261,319,319
1,1,1,63,A*weekday_vs_weekend,0.0,0.0,0.0,0.0,0.0,0.0010163739187037512,0.000296816011454261,319,319
1,1,1,64,A*slot_pm,0.0,0.0,0.0,0.0,0.0,0.0010163739187037512,0.000296816011454261,319,319
1,1,1,65,A*weekday_vs_weekend*E_w,0.0,0.0,0.0,0.0,0.0,0.0010163739187037512,0.000296816011454261,319,319
1,1,1,66,A*slot_pm*E_w,0.0,0.0,0.0,0.0,0.0,0.0010163739187037512,0.000296816011454261,319,319
1,1,1,67,A*weekday_vs_weekend*b_hat,0.0,0.0,0.0,0.0,0.0,0.0010163739187037512,0.000296816011454261,319,319
1,1,1,68,A*slot_pm*b_hat,0.0,0.0,0.0,0.0,0.0,0.0010163739187037512,0.000296816011454261,319,319
1,1,1,69,A*yesterday_step_count,-0.007336214807539254,0.005806747827355684,0.013142962634894938,0.013142962634894938,1.7915182392680524,0.0010163739187037512,0.000296816011454261,319,319
1,1,1,70,A*ema_step_count,0.014353191729938236,-0.007467601495617572,-0.021820793225555808,0.021820793225555808,1.520274628537252,0.0010163739187037512,0.000296816011454261,319,319
1,1,1,71,A*prior2hour_step_count,-0.009271146471759655,-0.0039030134270858583,0.0053681330446737965,0.0053681330446737965,0.5790150183718249,0.0010163739187037512,0.000296816011454261,319,319
1,1,1,72,A*previous7days_rpa,0.03780182026724101,-0.0014034356629947257,-0.03920525593023573,0.03920525593023573,1.037126139775098,0.0010163739187037512,0.000296816011454261,319,319
1,1,1,73,A*active_status_fraction_7days,-0.012238042455178021,-0.007932918380381921,0.0043051240747961,0.0043051240747961,0.35178208365951247,0.0010163739187037512,0.000296816011454261,319,319
1,1,1,74,A*recent_burden,-0.0028153275387898086,-0.001241508049227545,0.0015738194895622637,0.0015738194895622637,0.5590182555592742,0.0010163739187037512,0.000296816011454261,319,319
1,1,1,75,A*salience_yesterday,0.0020923903849336925,-1.4070942863217559e-05,-0.0021064613277969103,0.0021064613277969103,1.0067248172064525,0.0010163739187037512,0.000296816011454261,319,319
1,1,1,76,A*walk_interaction_7d,0.025424729236077314,-0.009584238179418903,-0.035008967415496216,0.035008967415496216,1.3769652014944178,0.0010163739187037512,0.000296816011454261,319,319
2,1,2,0,intercept,0.09016072492480888,0.1616802512297179,0.07151952630490903,0.07151952630490903,0.442351652480382,0.007795153315238927,0.002326001457118403,319,319
2,1,2,1,weekday_vs_weekend,0.0,0.0,0.0,0.0,0.0,0.007795153315238927,0.002326001457118403,319,319
2,1,2,2,slot_pm,0.0901607249248109,0.1616802512297109,0.07151952630489998,0.07151952630489998,0.44235165248034525,0.007795153315238927,0.002326001457118403,319,319
2,1,2,3,E_w,-0.006515655183464015,-0.012188625207356774,-0.005672970023892759,0.005672970023892759,0.4654314926730772,0.007795153315238927,0.002326001457118403,319,319
2,1,2,4,weekday_vs_weekend*E_w,0.0,0.0,0.0,0.0,0.0,0.007795153315238927,0.002326001457118403,319,319
2,1,2,5,slot_pm*E_w,-0.0065156551834639875,-0.012188625207356973,-0.005672970023892986,0.005672970023892986,0.46543149267308825,0.007795153315238927,0.002326001457118403,319,319
2,1,2,6,b_hat,0.3233645704391011,0.4617858709242618,0.13842130048516071,0.13842130048516071,0.2997521344862961,0.007795153315238927,0.002326001457118403,319,319
2,1,2,7,weekday_vs_weekend*b_hat,0.0,0.0,0.0,0.0,0.0,0.007795153315238927,0.002326001457118403,319,319
2,1,2,8,slot_pm*b_hat,0.3233645704391097,0.4617858709242535,0.13842130048514378,0.13842130048514378,0.29975213448626487,0.007795153315238927,0.002326001457118403,319,319
2,1,2,9,b_tilde,0.0,0.0,0.0,0.0,0.0,0.007795153315238927,0.002326001457118403,319,319
2,1,2,10,M_Y_day1_fourSC_morning,-0.01591280709033419,-0.01221518532908745,0.003697621761246739,0.003697621761246739,0.2323676608568177,0.007795153315238927,0.002326001457118403,319,319
2,1,2,11,M_Y_day1_fourSC_afternoon,0.0,0.0,0.0,0.0,0.0,0.007795153315238927,0.002326001457118403,319,319
2,1,2,12,M_Y_day1_anticipated_affect,0.0,0.0,0.0,0.0,0.0,0.007795153315238927,0.002326001457118403,319,319
2,1,2,13,M_Y_day2_fourSC_morning,0.0,0.0,0.0,0.0,0.0,0.007795153315238927,0.002326001457118403,319,319
2,1,2,14,M_Y_day2_fourSC_afternoon,0.0,0.0,0.0,0.0,0.0,0.007795153315238927,0.002326001457118403,319,319
2,1,2,15,M_Y_day2_anticipated_affect,0.0,0.0,0.0,0.0,0.0,0.007795153315238927,0.002326001457118403,319,319
2,1,2,16,M_Y_day3_fourSC_morning,0.0,0.0,0.0,0.0,0.0,0.007795153315238927,0.002326001457118403,319,319
2,1,2,17,M_Y_day3_fourSC_afternoon,0.0,0.0,0.0,0.0,0.0,0.007795153315238927,0.002326001457118403,319,319
2,1,2,18,M_Y_day3_anticipated_affect,0.0,0.0,0.0,0.0,0.0,0.007795153315238927,0.002326001457118403,319,319
2,1,2,19,M_Y_day4_fourSC_morning,0.0,0.0,0.0,0.0,0.0,0.007795153315238927,0.002326001457118403,319,319
2,1,2,20,M_Y_day4_fourSC_afternoon,0.0,0.0,0.0,0.0,0.0,0.007795153315238927,0.002326001457118403,319,319
2,1,2,21,M_Y_day4_anticipated_affect,0.0,0.0,0.0,0.0,0.0,0.007795153315238927,0.002326001457118403,319,319
2,1,2,22,M_Y_day5_fourSC_morning,0.0,0.0,0.0,0.0,0.0,0.007795153315238927,0.002326001457118403,319,319
2,1,2,23,M_Y_day5_fourSC_afternoon,0.0,0.0,0.0,0.0,0.0,0.007795153315238927,0.002326001457118403,319,319
2,1,2,24,M_Y_day5_anticipated_affect,0.0,0.0,0.0,0.0,0.0,0.007795153315238927,0.002326001457118403,319,319
2,1,2,25,M_Y_day6_fourSC_morning,0.0,0.0,0.0,0.0,0.0,0.007795153315238927,0.002326001457118403,319,319
2,1,2,26,M_Y_day6_fourSC_afternoon,0.0,0.0,0.0,0.0,0.0,0.007795153315238927,0.002326001457118403,319,319
2,1,2,27,M_Y_day6_anticipated_affect,0.0,0.0,0.0,0.0,0.0,0.007795153315238927,0.002326001457118403,319,319
2,1,2,28,M_E_day1_pageview_morning,0.03211923159317368,-0.013154955970649425,-0.04527418756382311,0.04527418756382311,1.4095663351250673,0.007795153315238927,0.002326001457118403,319,319
2,1,2,29,M_E_day1_pageview_afternoon,0.0,0.0,0.0,0.0,0.0,0.007795153315238927,0.002326001457118403,319,319
2,1,2,30,M_E_day1_morning_fitbit_wear,0.0,0.0,0.0,0.0,0.0,0.007795153315238927,0.002326001457118403,319,319
2,1,2,31,M_E_day1_daily_survey_complete,0.0,0.0,0.0,0.0,0.0,0.007795153315238927,0.002326001457118403,319,319
2,1,2,32,M_E_day2_pageview_morning,0.0,0.0,0.0,0.0,0.0,0.007795153315238927,0.002326001457118403,319,319
2,1,2,33,M_E_day2_pageview_afternoon,0.0,0.0,0.0,0.0,0.0,0.007795153315238927,0.002326001457118403,319,319
2,1,2,34,M_E_day2_morning_fitbit_wear,0.0,0.0,0.0,0.0,0.0,0.007795153315238927,0.002326001457118403,319,319
2,1,2,35,M_E_day2_daily_survey_complete,0.0,0.0,0.0,0.0,0.0,0.007795153315238927,0.002326001457118403,319,319
2,1,2,36,M_E_day3_pageview_morning,0.0,0.0,0.0,0.0,0.0,0.007795153315238927,0.002326001457118403,319,319
2,1,2,37,M_E_day3_pageview_afternoon,0.0,0.0,0.0,0.0,0.0,0.007795153315238927,0.002326001457118403,319,319
2,1,2,38,M_E_day3_morning_fitbit_wear,0.0,0.0,0.0,0.0,0.0,0.007795153315238927,0.002326001457118403,319,319
2,1,2,39,M_E_day3_daily_survey_complete,0.0,0.0,0.0,0.0,0.0,0.007795153315238927,0.002326001457118403,319,319
2,1,2,40,M_E_day4_pageview_morning,0.0,0.0,0.0,0.0,0.0,0.007795153315238927,0.002326001457118403,319,319
2,1,2,41,M_E_day4_pageview_afternoon,0.0,0.0,0.0,0.0,0.0,0.007795153315238927,0.002326001457118403,319,319
2,1,2,42,M_E_day4_morning_fitbit_wear,0.0,0.0,0.0,0.0,0.0,0.007795153315238927,0.002326001457118403,319,319
2,1,2,43,M_E_day4_daily_survey_complete,0.0,0.0,0.0,0.0,0.0,0.007795153315238927,0.002326001457118403,319,319
2,1,2,44,M_E_day5_pageview_morning,0.0,0.0,0.0,0.0,0.0,0.007795153315238927,0.002326001457118403,319,319
2,1,2,45,M_E_day5_pageview_afternoon,0.0,0.0,0.0,0.0,0.0,0.007795153315238927,0.002326001457118403,319,319
2,1,2,46,M_E_day5_morning_fitbit_wear,0.0,0.0,0.0,0.0,0.0,0.007795153315238927,0.002326001457118403,319,319
2,1,2,47,M_E_day5_daily_survey_complete,0.0,0.0,0.0,0.0,0.0,0.007795153315238927,0.002326001457118403,319,319
2,1,2,48,M_E_day6_pageview_morning,0.0,0.0,0.0,0.0,0.0,0.007795153315238927,0.002326001457118403,319,319
2,1,2,49,M_E_day6_pageview_afternoon,0.0,0.0,0.0,0.0,0.0,0.007795153315238927,0.002326001457118403,319,319
2,1,2,50,M_E_day6_morning_fitbit_wear,0.0,0.0,0.0,0.0,0.0,0.007795153315238927,0.002326001457118403,319,319
2,1,2,51,M_E_day6_daily_survey_complete,0.0,0.0,0.0,0.0,0.0,0.007795153315238927,0.002326001457118403,319,319
2,1,2,52,yesterday_step_count,0.017361084566476382,0.016216986420244283,-0.001144098146232099,0.001144098146232099,0.06590015398239063,0.007795153315238927,0.002326001457118403,319,319
2,1,2,53,ema_step_count,0.0025047779305321306,-0.007126598029758812,-0.009631375960290943,0.009631375960290943,1.3514689505529613,0.007795153315238927,0.002326001457118403,319,319
2,1,2,54,prior2hour_step_count,0.016270785656998802,0.014026560527976968,-0.002244225129021834,0.002244225129021834,0.13792973347027598,0.007795153315238927,0.002326001457118403,319,319
2,1,2,55,previous7days_rpa,0.1297342507444092,0.10928014212525028,-0.020454108619158917,0.020454108619158917,0.15766159284687103,0.007795153315238927,0.002326001457118403,319,319
2,1,2,56,active_status_fraction_7days,0.12056579087579102,0.10207775767300836,-0.018488033202782653,0.018488033202782653,0.15334393834673507,0.007795153315238927,0.002326001457118403,319,319
2,1,2,57,recent_burden,-0.0022970733600077707,-0.01411546495613829,-0.01181839159613052,0.01181839159613052,0.8372654838402005,0.007795153315238927,0.002326001457118403,319,319
2,1,2,58,salience_yesterday,-0.021601335345883273,0.0029116123883002245,0.0245129477341835,0.0245129477341835,1.1347885369899187,0.007795153315238927,0.002326001457118403,319,319
2,1,2,59,walk_interaction_7d,0.14108591333793133,0.043749885192472936,-0.09733602814545839,0.09733602814545839,0.6899060710073692,0.007795153315238927,0.002326001457118403,319,319
2,1,2,60,A,0.0038355022353311332,0.0036044237825190156,-0.00023107845281211768,0.00023107845281211768,0.06024724759211822,0.007795153315238927,0.002326001457118403,319,319
2,1,2,61,A*E_w,-0.000964366428927704,-0.004358841514878706,-0.003394475085951002,0.003394475085951002,0.7787562530925056,0.007795153315238927,0.002326001457118403,319,319
2,1,2,62,A*b_hat,-0.0014409190504927989,-0.003613689598930615,-0.002172770548437816,0.002172770548437816,0.6012609796593474,0.007795153315238927,0.002326001457118403,319,319
2,1,2,63,A*weekday_vs_weekend,0.0,0.0,0.0,0.0,0.0,0.007795153315238927,0.002326001457118403,319,319
2,1,2,64,A*slot_pm,0.0038355022353313696,0.003604423782518883,-0.00023107845281248674,0.00023107845281248674,0.060247247592210736,0.007795153315238927,0.002326001457118403,319,319
2,1,2,65,A*weekday_vs_weekend*E_w,0.0,0.0,0.0,0.0,0.0,0.007795153315238927,0.002326001457118403,319,319
2,1,2,66,A*slot_pm*E_w,-0.0009643664289277385,-0.004358841514878422,-0.0033944750859506833,0.0033944750859506833,0.7787562530924833,0.007795153315238927,0.002326001457118403,319,319
2,1,2,67,A*weekday_vs_weekend*b_hat,0.0,0.0,0.0,0.0,0.0,0.007795153315238927,0.002326001457118403,319,319
2,1,2,68,A*slot_pm*b_hat,-0.0014409190504927742,-0.0036136895989306844,-0.00217277054843791,0.00217277054843791,0.601260979659362,0.007795153315238927,0.002326001457118403,319,319
2,1,2,69,A*yesterday_step_count,0.017754196260040163,0.006156666497158943,-0.011597529762881219,0.011597529762881219,0.653227529594459,0.007795153315238927,0.002326001457118403,319,319
2,1,2,70,A*ema_step_count,-0.02663898873744064,-0.010990681358546892,0.015648307378893746,0.015648307378893746,0.5874212243237417,0.007795153315238927,0.002326001457118403,319,319
2,1,2,71,A*prior2hour_step_count,-0.03455969014474982,-0.017402985201520504,0.017156704943229316,0.017156704943229316,0.4964368856135621,0.007795153315238927,0.002326001457118403,319,319
2,1,2,72,A*previous7days_rpa,-0.04745646383139486,0.0016223389543868526,0.049078802785781715,0.049078802785781715,1.0341858373634993,0.007795153315238927,0.002326001457118403,319,319
2,1,2,73,A*active_status_fraction_7days,-0.01779358888047629,-0.020019709571214232,-0.0022261206907379406,0.0022261206907379406,0.11119645281661908,0.007795153315238927,0.002326001457118403,319,319
2,1,2,74,A*recent_burden,0.009188440480252942,0.006003273662981261,-0.0031851668172716814,0.0031851668172716814,0.3466493388205524,0.007795153315238927,0.002326001457118403,319,319
2,1,2,75,A*salience_yesterday,0.018288349900168203,-0.0019779178692994844,-0.02026626776946769,0.02026626776946769,1.1081517950004496,0.007795153315238927,0.002326001457118403,319,319
2,1,2,76,A*walk_interaction_7d,-0.07265979897886175,-0.030728869728848283,0.041930929250013474,0.041930929250013474,0.5770856765267415,0.007795153315238927,0.002326001457118403,319,319
3,2,1,0,intercept,-0.03715355652014059,0.10279478114872169,0.13994833766886228,0.13994833766886228,1.3614342684030571,0.000938030222344443,0.0005883646013306846,319,319
3,2,1,1,weekday_vs_weekend,0.0,0.0,0.0,0.0,0.0,0.000938030222344443,0.0005883646013306846,319,319
3,2,1,2,slot_pm,0.0,0.0,0.0,0.0,0.0,0.000938030222344443,0.0005883646013306846,319,319
3,2,1,3,E_w,-0.007893868820982301,-0.03390782643002125,-0.02601395760903895,0.02601395760903895,0.7671962596224321,0.000938030222344443,0.0005883646013306846,319,319
3,2,1,4,weekday_vs_weekend*E_w,0.0,0.0,0.0,0.0,0.0,0.000938030222344443,0.0005883646013306846,319,319
3,2,1,5,slot_pm*E_w,0.0,0.0,0.0,0.0,0.0,0.000938030222344443,0.0005883646013306846,319,319
3,2,1,6,b_hat,0.565336238214789,0.8697597580280607,0.30442351981327176,0.30442351981327176,0.3500087432229191,0.000938030222344443,0.0005883646013306846,319,319
3,2,1,7,weekday_vs_weekend*b_hat,0.0,0.0,0.0,0.0,0.0,0.000938030222344443,0.0005883646013306846,319,319
3,2,1,8,slot_pm*b_hat,0.0,0.0,0.0,0.0,0.0,0.000938030222344443,0.0005883646013306846,319,319
3,2,1,9,b_tilde,0.0,0.0,0.0,0.0,0.0,0.000938030222344443,0.0005883646013306846,319,319
3,2,1,10,M_Y_day1_fourSC_morning,-0.027512789465140998,-0.017982078944436434,0.009530710520704564,0.009530710520704564,0.3464101861710561,0.000938030222344443,0.0005883646013306846,319,319
3,2,1,11,M_Y_day1_fourSC_afternoon,-0.02959261528621516,-0.0003669677701504553,0.029225647516064702,0.029225647516064702,0.9875993464382515,0.000938030222344443,0.0005883646013306846,319,319
3,2,1,12,M_Y_day1_anticipated_affect,0.40752153585634526,0.3687461956272525,-0.038775340229092736,0.038775340229092736,0.09514918063805435,0.000938030222344443,0.0005883646013306846,319,319
3,2,1,13,M_Y_day2_fourSC_morning,0.0,0.0,0.0,0.0,0.0,0.000938030222344443,0.0005883646013306846,319,319
3,2,1,14,M_Y_day2_fourSC_afternoon,0.0,0.0,0.0,0.0,0.0,0.000938030222344443,0.0005883646013306846,319,319
3,2,1,15,M_Y_day2_anticipated_affect,0.0,0.0,0.0,0.0,0.0,0.000938030222344443,0.0005883646013306846,319,319
3,2,1,16,M_Y_day3_fourSC_morning,0.0,0.0,0.0,0.0,0.0,0.000938030222344443,0.0005883646013306846,319,319
3,2,1,17,M_Y_day3_fourSC_afternoon,0.0,0.0,0.0,0.0,0.0,0.000938030222344443,0.0005883646013306846,319,319
3,2,1,18,M_Y_day3_anticipated_affect,0.0,0.0,0.0,0.0,0.0,0.000938030222344443,0.0005883646013306846,319,319
3,2,1,19,M_Y_day4_fourSC_morning,0.0,0.0,0.0,0.0,0.0,0.000938030222344443,0.0005883646013306846,319,319
3,2,1,20,M_Y_day4_fourSC_afternoon,0.0,0.0,0.0,0.0,0.0,0.000938030222344443,0.0005883646013306846,319,319
3,2,1,21,M_Y_day4_anticipated_affect,0.0,0.0,0.0,0.0,0.0,0.000938030222344443,0.0005883646013306846,319,319
3,2,1,22,M_Y_day5_fourSC_morning,0.0,0.0,0.0,0.0,0.0,0.000938030222344443,0.0005883646013306846,319,319
3,2,1,23,M_Y_day5_fourSC_afternoon,0.0,0.0,0.0,0.0,0.0,0.000938030222344443,0.0005883646013306846,319,319
3,2,1,24,M_Y_day5_anticipated_affect,0.0,0.0,0.0,0.0,0.0,0.000938030222344443,0.0005883646013306846,319,319
3,2,1,25,M_Y_day6_fourSC_morning,0.0,0.0,0.0,0.0,0.0,0.000938030222344443,0.0005883646013306846,319,319
3,2,1,26,M_Y_day6_fourSC_afternoon,0.0,0.0,0.0,0.0,0.0,0.000938030222344443,0.0005883646013306846,319,319
3,2,1,27,M_Y_day6_anticipated_affect,0.0,0.0,0.0,0.0,0.0,0.000938030222344443,0.0005883646013306846,319,319
3,2,1,28,M_E_day1_pageview_morning,0.04644209584727901,-0.006877810925329376,-0.05331990677260838,0.05331990677260838,1.1480943269215602,0.000938030222344443,0.0005883646013306846,319,319
3,2,1,29,M_E_day1_pageview_afternoon,-0.04361038678950262,-0.007515005061866029,0.036095381727636586,0.036095381727636586,0.8276785505677983,0.000938030222344443,0.0005883646013306846,319,319
3,2,1,30,M_E_day1_morning_fitbit_wear,-0.05721975937929969,0.02841629836160076,0.08563605774090045,0.08563605774090045,1.496616879725658,0.000938030222344443,0.0005883646013306846,319,319
3,2,1,31,M_E_day1_daily_survey_complete,0.022928930097609306,0.016347080347978417,-0.006581849749630889,0.006581849749630889,0.2870543772261379,0.000938030222344443,0.0005883646013306846,319,319
3,2,1,32,M_E_day2_pageview_morning,0.0,0.0,0.0,0.0,0.0,0.000938030222344443,0.0005883646013306846,319,319
3,2,1,33,M_E_day2_pageview_afternoon,0.0,0.0,0.0,0.0,0.0,0.000938030222344443,0.0005883646013306846,319,319
3,2,1,34,M_E_day2_morning_fitbit_wear,0.0,0.0,0.0,0.0,0.0,0.000938030222344443,0.0005883646013306846,319,319
3,2,1,35,M_E_day2_daily_survey_complete,0.0,0.0,0.0,0.0,0.0,0.000938030222344443,0.0005883646013306846,319,319
3,2,1,36,M_E_day3_pageview_morning,0.0,0.0,0.0,0.0,0.0,0.000938030222344443,0.0005883646013306846,319,319
3,2,1,37,M_E_day3_pageview_afternoon,0.0,0.0,0.0,0.0,0.0,0.000938030222344443,0.0005883646013306846,319,319
3,2,1,38,M_E_day3_morning_fitbit_wear,0.0,0.0,0.0,0.0,0.0,0.000938030222344443,0.0005883646013306846,319,319
3,2,1,39,M_E_day3_daily_survey_complete,0.0,0.0,0.0,0.0,0.0,0.000938030222344443,0.0005883646013306846,319,319
3,2,1,40,M_E_day4_pageview_morning,0.0,0.0,0.0,0.0,0.0,0.000938030222344443,0.0005883646013306846,319,319
3,2,1,41,M_E_day4_pageview_afternoon,0.0,0.0,0.0,0.0,0.0,0.000938030222344443,0.0005883646013306846,319,319
3,2,1,42,M_E_day4_morning_fitbit_wear,0.0,0.0,0.0,0.0,0.0,0.000938030222344443,0.0005883646013306846,319,319
3,2,1,43,M_E_day4_daily_survey_complete,0.0,0.0,0.0,0.0,0.0,0.000938030222344443,0.0005883646013306846,319,319
3,2,1,44,M_E_day5_pageview_morning,0.0,0.0,0.0,0.0,0.0,0.000938030222344443,0.0005883646013306846,319,319
3,2,1,45,M_E_day5_pageview_afternoon,0.0,0.0,0.0,0.0,0.0,0.000938030222344443,0.0005883646013306846,319,319
3,2,1,46,M_E_day5_morning_fitbit_wear,0.0,0.0,0.0,0.0,0.0,0.000938030222344443,0.0005883646013306846,319,319
3,2,1,47,M_E_day5_daily_survey_complete,0.0,0.0,0.0,0.0,0.0,0.000938030222344443,0.0005883646013306846,319,319
3,2,1,48,M_E_day6_pageview_morning,0.0,0.0,0.0,0.0,0.0,0.000938030222344443,0.0005883646013306846,319,319
3,2,1,49,M_E_day6_pageview_afternoon,0.0,0.0,0.0,0.0,0.0,0.000938030222344443,0.0005883646013306846,319,319
3,2,1,50,M_E_day6_morning_fitbit_wear,0.0,0.0,0.0,0.0,0.0,0.000938030222344443,0.0005883646013306846,319,319
3,2,1,51,M_E_day6_daily_survey_complete,0.0,0.0,0.0,0.0,0.0,0.000938030222344443,0.0005883646013306846,319,319
3,2,1,52,yesterday_step_count,0.01026620037487637,0.005746774402190242,-0.0045194259726861275,0.0045194259726861275,0.4402238226078412,0.000938030222344443,0.0005883646013306846,319,319
3,2,1,53,ema_step_count,0.0044083294857826605,0.0017513534953510364,-0.002656975990431624,0.002656975990431624,0.6027171968430806,0.000938030222344443,0.0005883646013306846,319,319
3,2,1,54,prior2hour_step_count,0.004518265661357416,-0.0007371624262659617,-0.0052554280876233785,0.0052554280876233785,1.1631516341702886,0.000938030222344443,0.0005883646013306846,319,319
3,2,1,55,previous7days_rpa,0.073619135851149,0.14205697914309867,0.06843784329194967,0.06843784329194967,0.48176332979043557,0.000938030222344443,0.0005883646013306846,319,319
3,2,1,56,active_status_fraction_7days,0.12428417297121751,0.08339317587167568,-0.04089099709954183,0.04089099709954183,0.32901210284443555,0.000938030222344443,0.0005883646013306846,319,319
3,2,1,57,recent_burden,0.0011902949363859854,-0.010034621240371916,-0.011224916176757901,0.011224916176757901,1.1186188205686445,0.000938030222344443,0.0005883646013306846,319,319
3,2,1,58,salience_yesterday,0.013881315485883424,0.015817531905124232,0.001936216419240808,0.001936216419240808,0.12240951564722644,0.000938030222344443,0.0005883646013306846,319,319
3,2,1,59,walk_interaction_7d,-0.007809746418014208,-0.05515697008402946,-0.04734722366601525,0.04734722366601525,0.8584087123328862,0.000938030222344443,0.0005883646013306846,319,319
3,2,1,60,A,-0.023666299167430002,-0.0013416993859192443,0.02232459978151076,0.02232459978151076,0.943307596323902,0.000938030222344443,0.0005883646013306846,319,319
3,2,1,61,A*E_w,0.0021109523304902907,0.001776196968062378,-0.0003347553624279127,0.0003347553624279127,0.15858025668924616,0.000938030222344443,0.0005883646013306846,319,319
3,2,1,62,A*b_hat,0.010774647092910285,0.006599146757243117,-0.004175500335667168,0.004175500335667168,0.38753012508545603,0.000938030222344443,0.0005883646013306846,319,319
3,2,1,63,A*weekday_vs_weekend,0.0,0.0,0.0,0.0,0.0,0.000938030222344443,0.0005883646013306846,319,319
3,2,1,64,A*slot_pm,0.0,0.0,0.0,0.0,0.0,0.000938030222344443,0.0005883646013306846,319,319
3,2,1,65,A*weekday_vs_weekend*E_w,0.0,0.0,0.0,0.0,0.0,0.000938030222344443,0.0005883646013306846,319,319
3,2,1,66,A*slot_pm*E_w,0.0,0.0,0.0,0.0,0.0,0.000938030222344443,0.0005883646013306846,319,319
3,2,1,67,A*weekday_vs_weekend*b_hat,0.0,0.0,0.0,0.0,0.0,0.000938030222344443,0.0005883646013306846,319,319
3,2,1,68,A*slot_pm*b_hat,0.0,0.0,0.0,0.0,0.0,0.000938030222344443,0.0005883646013306846,319,319
3,2,1,69,A*yesterday_step_count,-0.009355901983205803,-0.006621079988507148,0.002734821994698655,0.002734821994698655,0.29230981679882534,0.000938030222344443,0.0005883646013306846,319,319
3,2,1,70,A*ema_step_count,0.004512621194555547,0.00026521461164191897,-0.0042474065829136275,0.0042474065829136275,0.941228257323726,0.000938030222344443,0.0005883646013306846,319,319
3,2,1,71,A*prior2hour_step_count,-0.007891000457775013,-0.004633043711659442,0.0032579567461155706,0.0032579567461155706,0.41286992233101466,0.000938030222344443,0.0005883646013306846,319,319
3,2,1,72,A*previous7days_rpa,-0.021263811312521023,-0.007199275050201755,0.01406453626231927,0.01406453626231927,0.6614306370390656,0.000938030222344443,0.0005883646013306846,319,319
3,2,1,73,A*active_status_fraction_7days,0.017704032295068988,0.0035571224319037105,-0.014146909863165278,0.014146909863165278,0.7990784035739442,0.000938030222344443,0.0005883646013306846,319,319
3,2,1,74,A*recent_burden,-0.0037895527881597205,-0.0013228985341915355,0.002466654253968185,0.002466654253968185,0.6509090628517249,0.000938030222344443,0.0005883646013306846,319,319
3,2,1,75,A*salience_yesterday,0.012605130769441131,0.0008414127930372625,-0.01176371797640387,0.01176371797640387,0.9332483884199666,0.000938030222344443,0.0005883646013306846,319,319
3,2,1,76,A*walk_interaction_7d,0.0739858800577374,0.027019035942020868,-0.046966844115716534,0.046966844115716534,0.6348082104188577,0.000938030222344443,0.0005883646013306846,319,319
4,2,2,0,intercept,-0.03018525778992976,0.04963788768895514,0.0798231454788849,0.0798231454788849,1.6081092325902144,0.0025243661302536296,0.002266529944072048,319,319
4,2,2,1,weekday_vs_weekend,0.0,0.0,0.0,0.0,0.0,0.0025243661302536296,0.002266529944072048,319,319
4,2,2,2,slot_pm,-0.030185257789936314,0.04963788768896917,0.07982314547890548,0.07982314547890548,1.6081092325901745,0.0025243661302536296,0.002266529944072048,319,319
4,2,2,3,E_w,-0.001035981687079761,-0.01725416755184351,-0.01621818586476375,0.01621818586476375,0.9399575966810946,0.0025243661302536296,0.002266529944072048,319,319
4,2,2,4,weekday_vs_weekend*E_w,0.0,0.0,0.0,0.0,0.0,0.0025243661302536296,0.002266529944072048,319,319
4,2,2,5,slot_pm*E_w,-0.0010359816870798451,-0.017254167551843724,-0.016218185864763878,0.016218185864763878,0.9399575966810902,0.0025243661302536296,0.002266529944072048,319,319
4,2,2,6,b_hat,0.293785520642627,0.458277090723376,0.16449157008074905,0.16449157008074905,0.3589347436528068,0.0025243661302536296,0.002266529944072048,319,319
4,2,2,7,weekday_vs_weekend*b_hat,0.0,0.0,0.0,0.0,0.0,0.0025243661302536296,0.002266529944072048,319,319
4,2,2,8,slot_pm*b_hat,0.2937855206426367,0.4582770907233702,0.1644915700807335,0.1644915700807335,0.35893474365277744,0.0025243661302536296,0.002266529944072048,319,319
4,2,2,9,b_tilde,0.0,0.0,0.0,0.0,0.0,0.0025243661302536296,0.002266529944072048,319,319
4,2,2,10,M_Y_day1_fourSC_morning,-0.032126333363856785,-0.017058923117267342,0.015067410246589443,0.015067410246589443,0.46900497719234874,0.0025243661302536296,0.002266529944072048,319,319
4,2,2,11,M_Y_day1_fourSC_afternoon,-0.03524102433298898,-0.00349279220902708,0.0317482321239619,0.0317482321239619,0.9008884595401079,0.0025243661302536296,0.002266529944072048,319,319
4,2,2,12,M_Y_day1_anticipated_affect,0.4697221834573103,0.4160608621846449,-0.05366132127266543,0.05366132127266543,0.1142405514632083,0.0025243661302536296,0.002266529944072048,319,319
4,2,2,13,M_Y_day2_fourSC_morning,0.011743524537200348,-0.0073757606813683345,-0.019119285218568684,0.019119285218568684,1.6280704449506531,0.0025243661302536296,0.002266529944072048,319,319
4,2,2,14,M_Y_day2_fourSC_afternoon,0.0,0.0,0.0,0.0,0.0,0.0025243661302536296,0.002266529944072048,319,319
4,2,2,15,M_Y_day2_anticipated_affect,0.0,0.0,0.0,0.0,0.0,0.0025243661302536296,0.002266529944072048,319,319
4,2,2,16,M_Y_day3_fourSC_morning,0.0,0.0,0.0,0.0,0.0,0.0025243661302536296,0.002266529944072048,319,319
4,2,2,17,M_Y_day3_fourSC_afternoon,0.0,0.0,0.0,0.0,0.0,0.0025243661302536296,0.002266529944072048,319,319
4,2,2,18,M_Y_day3_anticipated_affect,0.0,0.0,0.0,0.0,0.0,0.0025243661302536296,0.002266529944072048,319,319
4,2,2,19,M_Y_day4_fourSC_morning,0.0,0.0,0.0,0.0,0.0,0.0025243661302536296,0.002266529944072048,319,319
4,2,2,20,M_Y_day4_fourSC_afternoon,0.0,0.0,0.0,0.0,0.0,0.0025243661302536296,0.002266529944072048,319,319
4,2,2,21,M_Y_day4_anticipated_affect,0.0,0.0,0.0,0.0,0.0,0.0025243661302536296,0.002266529944072048,319,319
4,2,2,22,M_Y_day5_fourSC_morning,0.0,0.0,0.0,0.0,0.0,0.0025243661302536296,0.002266529944072048,319,319
4,2,2,23,M_Y_day5_fourSC_afternoon,0.0,0.0,0.0,0.0,0.0,0.0025243661302536296,0.002266529944072048,319,319
4,2,2,24,M_Y_day5_anticipated_affect,0.0,0.0,0.0,0.0,0.0,0.0025243661302536296,0.002266529944072048,319,319
4,2,2,25,M_Y_day6_fourSC_morning,0.0,0.0,0.0,0.0,0.0,0.0025243661302536296,0.002266529944072048,319,319
4,2,2,26,M_Y_day6_fourSC_afternoon,0.0,0.0,0.0,0.0,0.0,0.0025243661302536296,0.002266529944072048,319,319
4,2,2,27,M_Y_day6_anticipated_affect,0.0,0.0,0.0,0.0,0.0,0.0025243661302536296,0.002266529944072048,319,319
4,2,2,28,M_E_day1_pageview_morning,0.046436071185318874,-0.010776375957234957,-0.05721244714255383,0.05721244714255383,1.232069072213887,0.0025243661302536296,0.002266529944072048,319,319
4,2,2,29,M_E_day1_pageview_afternoon,-0.05068737857843565,-0.01094828568462538,0.03973909289381027,0.03973909289381027,0.7840037107524989,0.0025243661302536296,0.002266529944072048,319,319
4,2,2,30,M_E_day1_morning_fitbit_wear,-0.07016490975651621,0.024720604729500013,0.09488551448601622,0.09488551448601622,1.3523214782899968,0.0025243661302536296,0.002266529944072048,319,319
4,2,2,31,M_E_day1_daily_survey_complete,0.023967359429379644,0.021829888069802985,-0.0021374713595766585,0.0021374713595766585,0.08918259710147734,0.0025243661302536296,0.002266529944072048,319,319
4,2,2,32,M_E_day2_pageview_morning,0.04094961109835575,0.033000966675968274,-0.007948644422387477,0.007948644422387477,0.1941079343414482,0.0025243661302536296,0.002266529944072048,319,319
4,2,2,33,M_E_day2_pageview_afternoon,0.0,0.0,0.0,0.0,0.0,0.0025243661302536296,0.002266529944072048,319,319
4,2,2,34,M_E_day2_morning_fitbit_wear,0.0,0.0,0.0,0.0,0.0,0.0025243661302536296,0.002266529944072048,319,319
4,2,2,35,M_E_day2_daily_survey_complete,0.0,0.0,0.0,0.0,0.0,0.0025243661302536296,0.002266529944072048,319,319
4,2,2,36,M_E_day3_pageview_morning,0.0,0.0,0.0,0.0,0.0,0.0025243661302536296,0.002266529944072048,319,319
4,2,2,37,M_E_day3_pageview_afternoon,0.0,0.0,0.0,0.0,0.0,0.0025243661302536296,0.002266529944072048,319,319
4,2,2,38,M_E_day3_morning_fitbit_wear,0.0,0.0,0.0,0.0,0.0,0.0025243661302536296,0.002266529944072048,319,319
4,2,2,39,M_E_day3_daily_survey_complete,0.0,0.0,0.0,0.0,0.0,0.0025243661302536296,0.002266529944072048,319,319
4,2,2,40,M_E_day4_pageview_morning,0.0,0.0,0.0,0.0,0.0,0.0025243661302536296,0.002266529944072048,319,319
4,2,2,41,M_E_day4_pageview_afternoon,0.0,0.0,0.0,0.0,0.0,0.0025243661302536296,0.002266529944072048,319,319
4,2,2,42,M_E_day4_morning_fitbit_wear,0.0,0.0,0.0,0.0,0.0,0.0025243661302536296,0.002266529944072048,319,319
4,2,2,43,M_E_day4_daily_survey_complete,0.0,0.0,0.0,0.0,0.0,0.0025243661302536296,0.002266529944072048,319,319
4,2,2,44,M_E_day5_pageview_morning,0.0,0.0,0.0,0.0,0.0,0.0025243661302536296,0.002266529944072048,319,319
4,2,2,45,M_E_day5_pageview_afternoon,0.0,0.0,0.0,0.0,0.0,0.0025243661302536296,0.002266529944072048,319,319
4,2,2,46,M_E_day5_morning_fitbit_wear,0.0,0.0,0.0,0.0,0.0,0.0025243661302536296,0.002266529944072048,319,319
4,2,2,47,M_E_day5_daily_survey_complete,0.0,0.0,0.0,0.0,0.0,0.0025243661302536296,0.002266529944072048,319,319
4,2,2,48,M_E_day6_pageview_morning,0.0,0.0,0.0,0.0,0.0,0.0025243661302536296,0.002266529944072048,319,319
4,2,2,49,M_E_day6_pageview_afternoon,0.0,0.0,0.0,0.0,0.0,0.0025243661302536296,0.002266529944072048,319,319
4,2,2,50,M_E_day6_morning_fitbit_wear,0.0,0.0,0.0,0.0,0.0,0.0025243661302536296,0.002266529944072048,319,319
4,2,2,51,M_E_day6_daily_survey_complete,0.0,0.0,0.0,0.0,0.0,0.0025243661302536296,0.002266529944072048,319,319
4,2,2,52,yesterday_step_count,0.005265109642617427,0.000141932332410618,-0.005123177310206809,0.005123177310206809,0.9730428534171874,0.0025243661302536296,0.002266529944072048,319,319
4,2,2,53,ema_step_count,0.015500863621221465,0.013246455188376551,-0.002254408432844914,0.002254408432844914,0.1454376019255156,0.0025243661302536296,0.002266529944072048,319,319
4,2,2,54,prior2hour_step_count,-0.015251593007514426,0.0006771858050709238,0.01592877881258535,0.01592877881258535,1.0444009884565681,0.0025243661302536296,0.002266529944072048,319,319
4,2,2,55,previous7days_rpa,0.03064312396907352,0.13715962692081718,0.10651650295174366,0.10651650295174366,0.7765878731445958,0.0025243661302536296,0.002266529944072048,319,319
4,2,2,56,active_status_fraction_7days,0.14201137088039734,0.10189090941865636,-0.040120461461740975,0.040120461461740975,0.2825158380840547,0.0025243661302536296,0.002266529944072048,319,319
4,2,2,57,recent_burden,0.0027599202964618047,-0.008504377898466163,-0.011264298194927969,0.011264298194927969,1.3245293576335055,0.0025243661302536296,0.002266529944072048,319,319
4,2,2,58,salience_yesterday,0.01364554491896156,0.015454787052656136,0.0018092421336945753,0.0018092421336945753,0.11706677856707383,0.0025243661302536296,0.002266529944072048,319,319
4,2,2,59,walk_interaction_7d,-0.005287584065466635,-0.077374701708125,-0.07208711764265836,0.07208711764265836,0.931662624233272,0.0025243661302536296,0.002266529944072048,319,319
4,2,2,60,A,0.007765923680048897,0.010746083682371637,0.00298016000232274,0.00298016000232274,0.2773252182291796,0.0025243661302536296,0.002266529944072048,319,319
4,2,2,61,A*E_w,-0.00457338798451771,-0.001973301729450316,0.0026000862550673944,0.0026000862550673944,0.5685251861135477,0.0025243661302536296,0.002266529944072048,319,319
4,2,2,62,A*b_hat,0.010119956368381736,0.010096497737756126,-2.345863062560953e-05,2.345863062560953e-05,0.0023180564986329836,0.0025243661302536296,0.002266529944072048,319,319
4,2,2,63,A*weekday_vs_weekend,0.0,0.0,0.0,0.0,0.0,0.0025243661302536296,0.002266529944072048,319,319
4,2,2,64,A*slot_pm,0.007765923680048996,0.010746083682371626,0.00298016000232263,0.00298016000232263,0.2773252182291696,0.0025243661302536296,0.002266529944072048,319,319
4,2,2,65,A*weekday_vs_weekend*E_w,0.0,0.0,0.0,0.0,0.0,0.0025243661302536296,0.002266529944072048,319,319
4,2,2,66,A*slot_pm*E_w,-0.004573387984517751,-0.001973301729450511,0.00260008625506724,0.00260008625506724,0.568525186113509,0.0025243661302536296,0.002266529944072048,319,319
4,2,2,67,A*weekday_vs_weekend*b_hat,0.0,0.0,0.0,0.0,0.0,0.0025243661302536296,0.002266529944072048,319,319
4,2,2,68,A*slot_pm*b_hat,0.010119956368381663,0.01009649773775594,-2.3458630625722288e-05,2.3458630625722288e-05,0.0023180564986441422,0.0025243661302536296,0.002266529944072048,319,319
4,2,2,69,A*yesterday_step_count,-0.0023224613895822853,0.006054695737440749,0.008377157127023034,0.008377157127023034,1.3835801979644915,0.0025243661302536296,0.002266529944072048,319,319
4,2,2,70,A*ema_step_count,-0.007330417820350961,-0.010048232735675577,-0.0027178149153246154,0.0027178149153246154,0.2704769074142954,0.0025243661302536296,0.002266529944072048,319,319
4,2,2,71,A*prior2hour_step_count,0.01737438069946027,-0.0031727680400704143,-0.020547148739530684,0.020547148739530684,1.1826118636947431,0.0025243661302536296,0.002266529944072048,319,319
4,2,2,72,A*previous7days_rpa,0.03496772017081935,-0.011030782544112536,-0.04599850271493189,0.04599850271493189,1.3154561547114458,0.0025243661302536296,0.002266529944072048,319,319
4,2,2,73,A*active_status_fraction_7days,-0.013783591534294991,-0.036036579621142,-0.022252988086847007,0.022252988086847007,0.6175111045719663,0.0025243661302536296,0.002266529944072048,319,319
4,2,2,74,A*recent_burden,-0.0035116253820840298,-0.00533501888575488,-0.0018233935036708507,0.0018233935036708507,0.34177826596631605,0.0025243661302536296,0.002266529944072048,319,319
4,2,2,75,A*salience_yesterday,-0.005384863446063969,-0.017166372393602542,-0.011781508947538573,0.011781508947538573,0.6863132569539988,0.0025243661302536296,0.002266529944072048,319,319
4,2,2,76,A*walk_interaction_7d,0.004452111023849895,0.01641742463162394,0.011965313607774045,0.011965313607774045,0.7288179404658847,0.0025243661302536296,0.002266529944072048,319,319
5,3,1,0,intercept,-0.08154453119796408,0.07102539156961375,0.15256992276757783,0.15256992276757783,1.871001286366915,0.0010962063183543595,0.0003365335098801184,319,319
5,3,1,1,weekday_vs_weekend,0.0,0.0,0.0,0.0,0.0,0.0010962063183543595,0.0003365335098801184,319,319
5,3,1,2,slot_pm,0.0,0.0,0.0,0.0,0.0,0.0010962063183543595,0.0003365335098801184,319,319
5,3,1,3,E_w,-0.0051300435766399935,-0.03763946246596104,-0.032509418889321046,0.032509418889321046,0.8637057162737297,0.0010962063183543595,0.0003365335098801184,319,319
5,3,1,4,weekday_vs_weekend*E_w,0.0,0.0,0.0,0.0,0.0,0.0010962063183543595,0.0003365335098801184,319,319
5,3,1,5,slot_pm*E_w,0.0,0.0,0.0,0.0,0.0,0.0010962063183543595,0.0003365335098801184,319,319
5,3,1,6,b_hat,0.6178263315892107,0.9480084887834193,0.3301821571942085,0.3301821571942085,0.3482902960267073,0.0010962063183543595,0.0003365335098801184,319,319
5,3,1,7,weekday_vs_weekend*b_hat,0.0,0.0,0.0,0.0,0.0,0.0010962063183543595,0.0003365335098801184,319,319
5,3,1,8,slot_pm*b_hat,0.0,0.0,0.0,0.0,0.0,0.0010962063183543595,0.0003365335098801184,319,319
5,3,1,9,b_tilde,0.0,0.0,0.0,0.0,0.0,0.0010962063183543595,0.0003365335098801184,319,319
5,3,1,10,M_Y_day1_fourSC_morning,-0.03542924978919937,-0.02828298020138525,0.007146269587814117,0.007146269587814117,0.20170536012853035,0.0010962063183543595,0.0003365335098801184,319,319
5,3,1,11,M_Y_day1_fourSC_afternoon,-0.052664251132450546,-0.02390672820653956,0.028757522925910987,0.028757522925910987,0.54605396084691,0.0010962063183543595,0.0003365335098801184,319,319
5,3,1,12,M_Y_day1_anticipated_affect,0.3281006317702258,0.33695988294543405,0.00885925117520825,0.00885925117520825,0.026291708964781665,0.0010962063183543595,0.0003365335098801184,319,319
5,3,1,13,M_Y_day2_fourSC_morning,0.016059186688827082,-0.002778936747024282,-0.018838123435851364,0.018838123435851364,1.1730434299613492,0.0010962063183543595,0.0003365335098801184,319,319
5,3,1,14,M_Y_day2_fourSC_afternoon,0.035659416232978615,0.0387809181503091,0.003121501917330488,0.003121501917330488,0.08049066567305108,0.0010962063183543595,0.0003365335098801184,319,319
5,3,1,15,M_Y_day2_anticipated_affect,0.23892382507070525,0.22346174822282489,-0.015462076847880368,0.015462076847880368,0.06471550856556328,0.0010962063183543595,0.0003365335098801184,319,319
5,3,1,16,M_Y_day3_fourSC_morning,0.0,0.0,0.0,0.0,0.0,0.0010962063183543595,0.0003365335098801184,319,319
5,3,1,17,M_Y_day3_fourSC_afternoon,0.0,0.0,0.0,0.0,0.0,0.0010962063183543595,0.0003365335098801184,319,319
5,3,1,18,M_Y_day3_anticipated_affect,0.0,0.0,0.0,0.0,0.0,0.0010962063183543595,0.0003365335098801184,319,319
5,3,1,19,M_Y_day4_fourSC_morning,0.0,0.0,0.0,0.0,0.0,0.0010962063183543595,0.0003365335098801184,319,319
5,3,1,20,M_Y_day4_fourSC_afternoon,0.0,0.0,0.0,0.0,0.0,0.0010962063183543595,0.0003365335098801184,319,319
5,3,1,21,M_Y_day4_anticipated_affect,0.0,0.0,0.0,0.0,0.0,0.0010962063183543595,0.0003365335098801184,319,319
5,3,1,22,M_Y_day5_fourSC_morning,0.0,0.0,0.0,0.0,0.0,0.0010962063183543595,0.0003365335098801184,319,319
5,3,1,23,M_Y_day5_fourSC_afternoon,0.0,0.0,0.0,0.0,0.0,0.0010962063183543595,0.0003365335098801184,319,319
5,3,1,24,M_Y_day5_anticipated_affect,0.0,0.0,0.0,0.0,0.0,0.0010962063183543595,0.0003365335098801184,319,319
5,3,1,25,M_Y_day6_fourSC_morning,0.0,0.0,0.0,0.0,0.0,0.0010962063183543595,0.0003365335098801184,319,319
5,3,1,26,M_Y_day6_fourSC_afternoon,0.0,0.0,0.0,0.0,0.0,0.0010962063183543595,0.0003365335098801184,319,319
5,3,1,27,M_Y_day6_anticipated_affect,0.0,0.0,0.0,0.0,0.0,0.0010962063183543595,0.0003365335098801184,319,319
5,3,1,28,M_E_day1_pageview_morning,0.05580272482916191,-0.008878660890416393,-0.06468138571957831,0.06468138571957831,1.1591080169937598,0.0010962063183543595,0.0003365335098801184,319,319
5,3,1,29,M_E_day1_pageview_afternoon,-0.055086326093016176,-0.014991551801366437,0.04009477429164974,0.04009477429164974,0.7278534826219413,0.0010962063183543595,0.0003365335098801184,319,319
5,3,1,30,M_E_day1_morning_fitbit_wear,0.020197921307894735,0.03196558953103468,0.011767668223139943,0.011767668223139943,0.3681354980709796,0.0010962063183543595,0.0003365335098801184,319,319
5,3,1,31,M_E_day1_daily_survey_complete,0.031135907256327124,0.04495951787409565,0.013823610617768524,0.013823610617768524,0.3074679460860785,0.0010962063183543595,0.0003365335098801184,319,319
5,3,1,32,M_E_day2_pageview_morning,0.04210807330955575,0.03595568908324996,-0.00615238422630579,0.00615238422630579,0.14610937387414508,0.0010962063183543595,0.0003365335098801184,319,319
5,3,1,33,M_E_day2_pageview_afternoon,-0.004246845948750729,0.015006698941345707,0.019253544890096435,0.019253544890096435,1.2829966780402338,0.0010962063183543595,0.0003365335098801184,319,319
5,3,1,34,M_E_day2_morning_fitbit_wear,-0.12874354687172251,-0.024495056103500223,0.10424849076822229,0.10424849076822229,0.8097376008452943,0.0010962063183543595,0.0003365335098801184,319,319
5,3,1,35,M_E_day2_daily_survey_complete,-0.013381936781974215,-0.08762814375848095,-0.07424620697650673,0.07424620697650673,0.8472872275047014,0.0010962063183543595,0.0003365335098801184,319,319
5,3,1,36,M_E_day3_pageview_morning,0.0,0.0,0.0,0.0,0.0,0.0010962063183543595,0.0003365335098801184,319,319
5,3,1,37,M_E_day3_pageview_afternoon,0.0,0.0,0.0,0.0,0.0,0.0010962063183543595,0.0003365335098801184,319,319
5,3,1,38,M_E_day3_morning_fitbit_wear,0.0,0.0,0.0,0.0,0.0,0.0010962063183543595,0.0003365335098801184,319,319
5,3,1,39,M_E_day3_daily_survey_complete,0.0,0.0,0.0,0.0,0.0,0.0010962063183543595,0.0003365335098801184,319,319
5,3,1,40,M_E_day4_pageview_morning,0.0,0.0,0.0,0.0,0.0,0.0010962063183543595,0.0003365335098801184,319,319
5,3,1,41,M_E_day4_pageview_afternoon,0.0,0.0,0.0,0.0,0.0,0.0010962063183543595,0.0003365335098801184,319,319
5,3,1,42,M_E_day4_morning_fitbit_wear,0.0,0.0,0.0,0.0,0.0,0.0010962063183543595,0.0003365335098801184,319,319
5,3,1,43,M_E_day4_daily_survey_complete,0.0,0.0,0.0,0.0,0.0,0.0010962063183543595,0.0003365335098801184,319,319
5,3,1,44,M_E_day5_pageview_morning,0.0,0.0,0.0,0.0,0.0,0.0010962063183543595,0.0003365335098801184,319,319
5,3,1,45,M_E_day5_pageview_afternoon,0.0,0.0,0.0,0.0,0.0,0.0010962063183543595,0.0003365335098801184,319,319
5,3,1,46,M_E_day5_morning_fitbit_wear,0.0,0.0,0.0,0.0,0.0,0.0010962063183543595,0.0003365335098801184,319,319
5,3,1,47,M_E_day5_daily_survey_complete,0.0,0.0,0.0,0.0,0.0,0.0010962063183543595,0.0003365335098801184,319,319
5,3,1,48,M_E_day6_pageview_morning,0.0,0.0,0.0,0.0,0.0,0.0010962063183543595,0.0003365335098801184,319,319
5,3,1,49,M_E_day6_pageview_afternoon,0.0,0.0,0.0,0.0,0.0,0.0010962063183543595,0.0003365335098801184,319,319
5,3,1,50,M_E_day6_morning_fitbit_wear,0.0,0.0,0.0,0.0,0.0,0.0010962063183543595,0.0003365335098801184,319,319
5,3,1,51,M_E_day6_daily_survey_complete,0.0,0.0,0.0,0.0,0.0,0.0010962063183543595,0.0003365335098801184,319,319
5,3,1,52,yesterday_step_count,0.0007277568003360215,0.010140120563509403,0.009412363763173382,0.009412363763173382,0.9282299657308857,0.0010962063183543595,0.0003365335098801184,319,319
5,3,1,53,ema_step_count,0.0022163788954280357,0.003080761119592632,0.0008643822241645961,0.0008643822241645961,0.2805742446785011,0.0010962063183543595,0.0003365335098801184,319,319
5,3,1,54,prior2hour_step_count,-0.009083716258254056,-0.0034267727978409828,0.005656943460413073,0.005656943460413073,0.6227565128174063,0.0010962063183543595,0.0003365335098801184,319,319
5,3,1,55,previous7days_rpa,0.054905641118363636,0.14642644957977893,0.0915208084614153,0.0915208084614153,0.6250292124412341,0.0010962063183543595,0.0003365335098801184,319,319
5,3,1,56,active_status_fraction_7days,0.14514719859898298,0.08586110055468459,-0.059286098044298394,0.059286098044298394,0.4084549933898194,0.0010962063183543595,0.0003365335098801184,319,319
5,3,1,57,recent_burden,0.0062185976475619955,-0.013203336111511279,-0.019421933759073275,0.019421933759073275,1.4709868471908654,0.0010962063183543595,0.0003365335098801184,319,319
5,3,1,58,salience_yesterday,0.013383359508131201,-0.004690862904674547,-0.01807422241280575,0.01807422241280575,1.350499656071001,0.0010962063183543595,0.0003365335098801184,319,319
5,3,1,59,walk_interaction_7d,-0.0047442195542039,-0.04651921089503315,-0.04177499134082925,0.04177499134082925,0.8980159064841222,0.0010962063183543595,0.0003365335098801184,319,319
5,3,1,60,A,0.008809214286765196,0.009637265493892466,0.00082805120712727,0.00082805120712727,0.08592180091458934,0.0010962063183543595,0.0003365335098801184,319,319
5,3,1,61,A*E_w,-0.0052546172911795384,-0.0023976496251231078,0.0028569676660564307,0.0028569676660564307,0.5437061364777545,0.0010962063183543595,0.0003365335098801184,319,319
5,3,1,62,A*b_hat,-0.0031439914921967574,0.005820620412822748,0.008964611905019505,0.008964611905019505,1.5401471439832404,0.0010962063183543595,0.0003365335098801184,319,319
5,3,1,63,A*weekday_vs_weekend,0.0,0.0,0.0,0.0,0.0,0.0010962063183543595,0.0003365335098801184,319,319
5,3,1,64,A*slot_pm,0.0,0.0,0.0,0.0,0.0,0.0010962063183543595,0.0003365335098801184,319,319
5,3,1,65,A*weekday_vs_weekend*E_w,0.0,0.0,0.0,0.0,0.0,0.0010962063183543595,0.0003365335098801184,319,319
5,3,1,66,A*slot_pm*E_w,0.0,0.0,0.0,0.0,0.0,0.0010962063183543595,0.0003365335098801184,319,319
5,3,1,67,A*weekday_vs_weekend*b_hat,0.0,0.0,0.0,0.0,0.0,0.0010962063183543595,0.0003365335098801184,319,319
5,3,1,68,A*slot_pm*b_hat,0.0,0.0,0.0,0.0,0.0,0.0010962063183543595,0.0003365335098801184,319,319
5,3,1,69,A*yesterday_step_count,0.005069191352678279,0.003238693494962181,-0.0018304978577160977,0.0018304978577160977,0.36110253694585126,0.0010962063183543595,0.0003365335098801184,319,319
5,3,1,70,A*ema_step_count,-0.0005401212497932456,-0.0038364391626002146,-0.003296317912806969,0.003296317912806969,0.8592128724316408,0.0010962063183543595,0.0003365335098801184,319,319
5,3,1,71,A*prior2hour_step_count,-4.9836319041278214e-05,-0.00038486756039895554,-0.00033503124135767735,0.00033503124135767735,0.8705104712134802,0.0010962063183543595,0.0003365335098801184,319,319
5,3,1,72,A*previous7days_rpa,-0.0006096141163890711,0.004836111354338685,0.005445725470727756,0.005445725470727756,1.126054607043355,0.0010962063183543595,0.0003365335098801184,319,319
5,3,1,73,A*active_status_fraction_7days,0.0035936155088566804,-0.001614653741357119,-0.005208269250213799,0.005208269250213799,1.449311768990786,0.0010962063183543595,0.0003365335098801184,319,319
5,3,1,74,A*recent_burden,-0.002388355832027804,0.00023343529263223132,0.002621791124660035,0.002621791124660035,1.097738908709443,0.0010962063183543595,0.0003365335098801184,319,319
5,3,1,75,A*salience_yesterday,-0.006485378162363927,-0.0010289996713600067,0.00545637849100392,0.00545637849100392,0.8413354401858141,0.0010962063183543595,0.0003365335098801184,319,319
5,3,1,76,A*walk_interaction_7d,-0.009196758952874773,-0.016578167283742434,-0.00738140833086766,0.00738140833086766,0.4452487542520048,0.0010962063183543595,0.0003365335098801184,319,319
6,3,2,0,intercept,-0.06120772730700045,0.03103825611595371,0.09224598342295416,0.09224598342295416,1.5070970199608082,0.005630277138233324,0.006161639740856312,319,319
6,3,2,1,weekday_vs_weekend,0.0,0.0,0.0,0.0,0.0,0.005630277138233324,0.006161639740856312,319,319
6,3,2,2,slot_pm,-0.06120772730700022,0.031038256115966445,0.09224598342296667,0.09224598342296667,1.507097019961018,0.005630277138233324,0.006161639740856312,319,319
6,3,2,3,E_w,-0.0038675319883285115,-0.018259242019970024,-0.014391710031641513,0.014391710031641513,0.7881877032957548,0.005630277138233324,0.006161639740856312,319,319
6,3,2,4,weekday_vs_weekend*E_w,0.0,0.0,0.0,0.0,0.0,0.005630277138233324,0.006161639740856312,319,319
6,3,2,5,slot_pm*E_w,-0.0038675319883286347,-0.01825924201997034,-0.014391710031641705,0.014391710031641705,0.7881877032957517,0.005630277138233324,0.006161639740856312,319,319
6,3,2,6,b_hat,0.32617588964570365,0.5056325181683223,0.17945662852261868,0.17945662852261868,0.35491512526272795,0.005630277138233324,0.006161639740856312,319,319
6,3,2,7,weekday_vs_weekend*b_hat,0.0,0.0,0.0,0.0,0.0,0.005630277138233324,0.006161639740856312,319,319
6,3,2,8,slot_pm*b_hat,0.32617588964571276,0.5056325181683188,0.17945662852260602,0.17945662852260602,0.3549151252627054,0.005630277138233324,0.006161639740856312,319,319
6,3,2,9,b_tilde,0.0,0.0,0.0,0.0,0.0,0.005630277138233324,0.006161639740856312,319,319
6,3,2,10,M_Y_day1_fourSC_morning,-0.024180081891407766,-0.027871890998913754,-0.0036918091075059875,0.0036918091075059875,0.13245635567568298,0.005630277138233324,0.006161639740856312,319,319
6,3,2,11,M_Y_day1_fourSC_afternoon,-0.0485158127959207,-0.0215811747826992,0.026934638013221504,0.026934638013221504,0.5551723543521921,0.005630277138233324,0.006161639740856312,319,319
6,3,2,12,M_Y_day1_anticipated_affect,0.3507254941976741,0.37925080437904923,0.028525310181375108,0.028525310181375108,0.07521489698111479,0.005630277138233324,0.006161639740856312,319,319
6,3,2,13,M_Y_day2_fourSC_morning,0.02755916841686467,0.004115755405465755,-0.023443413011398913,0.023443413011398913,0.8506574892532989,0.005630277138233324,0.006161639740856312,319,319
6,3,2,14,M_Y_day2_fourSC_afternoon,0.036928178286043424,0.03171426435836351,-0.005213913927679913,0.005213913927679913,0.14119066170265027,0.005630277138233324,0.006161639740856312,319,319
6,3,2,15,M_Y_day2_anticipated_affect,0.2614719310754176,0.21897989587542233,-0.04249203519999528,0.04249203519999528,0.16251088606424488,0.005630277138233324,0.006161639740856312,319,319
6,3,2,16,M_Y_day3_fourSC_morning,-0.045906093874397556,-0.01565869880095977,0.030247395073437787,0.030247395073437787,0.6588971642021402,0.005630277138233324,0.006161639740856312,319,319
6,3,2,17,M_Y_day3_fourSC_afternoon,0.0,0.0,0.0,0.0,0.0,0.005630277138233324,0.006161639740856312,319,319
6,3,2,18,M_Y_day3_anticipated_affect,0.0,0.0,0.0,0.0,0.0,0.005630277138233324,0.006161639740856312,319,319
6,3,2,19,M_Y_day4_fourSC_morning,0.0,0.0,0.0,0.0,0.0,0.005630277138233324,0.006161639740856312,319,319
6,3,2,20,M_Y_day4_fourSC_afternoon,0.0,0.0,0.0,0.0,0.0,0.005630277138233324,0.006161639740856312,319,319
6,3,2,21,M_Y_day4_anticipated_affect,0.0,0.0,0.0,0.0,0.0,0.005630277138233324,0.006161639740856312,319,319
6,3,2,22,M_Y_day5_fourSC_morning,0.0,0.0,0.0,0.0,0.0,0.005630277138233324,0.006161639740856312,319,319
6,3,2,23,M_Y_day5_fourSC_afternoon,0.0,0.0,0.0,0.0,0.0,0.005630277138233324,0.006161639740856312,319,319
6,3,2,24,M_Y_day5_anticipated_affect,0.0,0.0,0.0,0.0,0.0,0.005630277138233324,0.006161639740856312,319,319
6,3,2,25,M_Y_day6_fourSC_morning,0.0,0.0,0.0,0.0,0.0,0.005630277138233324,0.006161639740856312,319,319
6,3,2,26,M_Y_day6_fourSC_afternoon,0.0,0.0,0.0,0.0,0.0,0.005630277138233324,0.006161639740856312,319,319
6,3,2,27,M_Y_day6_anticipated_affect,0.0,0.0,0.0,0.0,0.0,0.005630277138233324,0.006161639740856312,319,319
6,3,2,28,M_E_day1_pageview_morning,0.0627848330176019,-0.009184400992840437,-0.07196923401044233,0.07196923401044233,1.1462837528016607,0.005630277138233324,0.006161639740856312,319,319
6,3,2,29,M_E_day1_pageview_afternoon,-0.06232087206427036,-0.01594388055463817,0.04637699150963219,0.04637699150963219,0.7441646750675193,0.005630277138233324,0.006161639740856312,319,319
6,3,2,30,M_E_day1_morning_fitbit_wear,0.03560031521897713,0.04346046190010396,0.007860146681126834,0.007860146681126834,0.18085741240380218,0.005630277138233324,0.006161639740856312,319,319
6,3,2,31,M_E_day1_daily_survey_complete,0.03349739934277581,0.05399963743062558,0.020502238087849768,0.020502238087849768,0.37967362492367485,0.005630277138233324,0.006161639740856312,319,319
6,3,2,32,M_E_day2_pageview_morning,0.047157705367037596,0.03953599736555583,-0.007621708001481764,0.007621708001481764,0.16162168922683,0.005630277138233324,0.006161639740856312,319,319
6,3,2,33,M_E_day2_pageview_afternoon,-0.0024378123725500938,0.017434664847306745,0.019872477219856837,0.019872477219856837,1.139825594234275,0.005630277138233324,0.006161639740856312,319,319
6,3,2,34,M_E_day2_morning_fitbit_wear,-0.13351099499977212,-0.034848682780148396,0.09866231221962372,0.09866231221962372,0.7389826749459258,0.005630277138233324,0.006161639740856312,319,319
6,3,2,35,M_E_day2_daily_survey_complete,-0.022949053557324354,-0.09414312071702159,-0.07119406715969724,0.07119406715969724,0.7562322835429968,0.005630277138233324,0.006161639740856312,319,319
6,3,2,36,M_E_day3_pageview_morning,-0.025047139808305467,0.002560024201031725,0.02760716400933719,0.02760716400933719,1.1022082449582862,0.005630277138233324,0.006161639740856312,319,319
6,3,2,37,M_E_day3_pageview_afternoon,0.0,0.0,0.0,0.0,0.0,0.005630277138233324,0.006161639740856312,319,319
6,3,2,38,M_E_day3_morning_fitbit_wear,0.0,0.0,0.0,0.0,0.0,0.005630277138233324,0.006161639740856312,319,319
6,3,2,39,M_E_day3_daily_survey_complete,0.0,0.0,0.0,0.0,0.0,0.005630277138233324,0.006161639740856312,319,319
6,3,2,40,M_E_day4_pageview_morning,0.0,0.0,0.0,0.0,0.0,0.005630277138233324,0.006161639740856312,319,319
6,3,2,41,M_E_day4_pageview_afternoon,0.0,0.0,0.0,0.0,0.0,0.005630277138233324,0.006161639740856312,319,319
6,3,2,42,M_E_day4_morning_fitbit_wear,0.0,0.0,0.0,0.0,0.0,0.005630277138233324,0.006161639740856312,319,319
6,3,2,43,M_E_day4_daily_survey_complete,0.0,0.0,0.0,0.0,0.0,0.005630277138233324,0.006161639740856312,319,319
6,3,2,44,M_E_day5_pageview_morning,0.0,0.0,0.0,0.0,0.0,0.005630277138233324,0.006161639740856312,319,319
6,3,2,45,M_E_day5_pageview_afternoon,0.0,0.0,0.0,0.0,0.0,0.005630277138233324,0.006161639740856312,319,319
6,3,2,46,M_E_day5_morning_fitbit_wear,0.0,0.0,0.0,0.0,0.0,0.005630277138233324,0.006161639740856312,319,319
6,3,2,47,M_E_day5_daily_survey_complete,0.0,0.0,0.0,0.0,0.0,0.005630277138233324,0.006161639740856312,319,319
6,3,2,48,M_E_day6_pageview_morning,0.0,0.0,0.0,0.0,0.0,0.005630277138233324,0.006161639740856312,319,319
6,3,2,49,M_E_day6_pageview_afternoon,0.0,0.0,0.0,0.0,0.0,0.005630277138233324,0.006161639740856312,319,319
6,3,2,50,M_E_day6_morning_fitbit_wear,0.0,0.0,0.0,0.0,0.0,0.005630277138233324,0.006161639740856312,319,319
6,3,2,51,M_E_day6_daily_survey_complete,0.0,0.0,0.0,0.0,0.0,0.005630277138233324,0.006161639740856312,319,319
6,3,2,52,yesterday_step_count,-0.0004482796838755108,0.013688069329544828,0.014136349013420339,0.014136349013420339,1.032749664914973,0.005630277138233324,0.006161639740856312,319,319
6,3,2,53,ema_step_count,0.0013516218898790627,0.02198278126089015,0.020631159371011086,0.020631159371011086,0.938514518529839,0.005630277138233324,0.006161639740856312,319,319
6,3,2,54,prior2hour_step_count,-0.0031713705079152,-0.01627197361674374,-0.013100603108828542,0.013100603108828542,0.805102283065904,0.005630277138233324,0.006161639740856312,319,319
6,3,2,55,previous7days_rpa,0.07372178360409447,0.15960264594440882,0.08588086234031435,0.08588086234031435,0.5380917204231532,0.005630277138233324,0.006161639740856312,319,319
6,3,2,56,active_status_fraction_7days,0.181723643128268,0.08600661328225545,-0.09571702984601255,0.09571702984601255,0.5267175376758848,0.005630277138233324,0.006161639740856312,319,319
6,3,2,57,recent_burden,0.005959257785333455,-0.01682480088491395,-0.022784058670247402,0.022784058670247402,1.3541948476000603,0.005630277138233324,0.006161639740856312,319,319
6,3,2,58,salience_yesterday,0.014498898837300002,-0.005702012905882631,-0.020200911743182632,0.020200911743182632,1.3932721353440702,0.005630277138233324,0.006161639740856312,319,319
6,3,2,59,walk_interaction_7d,0.00823306780688292,-0.045668548436078496,-0.053901616242961414,0.053901616242961414,1.1802787276763702,0.005630277138233324,0.006161639740856312,319,319
6,3,2,60,A,0.004011627664544568,0.009172636185842409,0.005161008521297841,0.005161008521297841,0.5626527005686378,0.005630277138233324,0.006161639740856312,319,319
6,3,2,61,A*E_w,0.000473156965587972,-0.006558722872230551,-0.007031879837818523,0.007031879837818523,1.0721416310469993,0.005630277138233324,0.006161639740856312,319,319
6,3,2,62,A*b_hat,0.0039037491699223815,-0.0041705895847808944,-0.008074338754703276,0.008074338754703276,1.9360185390017148,0.005630277138233324,0.006161639740856312,319,319
6,3,2,63,A*weekday_vs_weekend,0.0,0.0,0.0,0.0,0.0,0.005630277138233324,0.006161639740856312,319,319
6,3,2,64,A*slot_pm,0.0040116276645445,0.009172636185842124,0.005161008521297624,0.005161008521297624,0.5626527005686316,0.005630277138233324,0.006161639740856312,319,319
6,3,2,65,A*weekday_vs_weekend*E_w,0.0,0.0,0.0,0.0,0.0,0.005630277138233324,0.006161639740856312,319,319
6,3,2,66,A*slot_pm*E_w,0.00047315696558788414,-0.006558722872230276,-0.00703187983781816,0.00703187983781816,1.072141631046989,0.005630277138233324,0.006161639740856312,319,319
6,3,2,67,A*weekday_vs_weekend*b_hat,0.0,0.0,0.0,0.0,0.0,0.005630277138233324,0.006161639740856312,319,319
6,3,2,68,A*slot_pm*b_hat,0.0039037491699223576,-0.004170589584780835,-0.008074338754703193,0.008074338754703193,1.9360185390017226,0.005630277138233324,0.006161639740856312,319,319
6,3,2,69,A*yesterday_step_count,0.008838132153504631,0.0036154255713040447,-0.005222706582200587,0.005222706582200587,0.5909287722213566,0.005630277138233324,0.006161639740856312,319,319
6,3,2,70,A*ema_step_count,0.0068856533619041675,-0.027871621602316966,-0.03475727496422113,0.03475727496422113,1.247048896549735,0.005630277138233324,0.006161639740856312,319,319
6,3,2,71,A*prior2hour_step_count,-0.007121985694939196,0.017218199966455617,0.024340185661394814,0.024340185661394814,1.4136312569730984,0.005630277138233324,0.006161639740856312,319,319
6,3,2,72,A*previous7days_rpa,0.004088720974478072,0.009951287338579834,0.005862566364101762,0.005862566364101762,0.5891264280324178,0.005630277138233324,0.006161639740856312,319,319
6,3,2,73,A*active_status_fraction_7days,-0.005271217759288614,0.002873315519034893,0.008144533278323507,0.008144533278323507,1.5450952038495687,0.005630277138233324,0.006161639740856312,319,319
6,3,2,74,A*recent_burden,-0.009544680813618998,0.004542584045045014,0.014087264858664014,0.014087264858664014,1.4759283347184693,0.005630277138233324,0.006161639740856312,319,319
6,3,2,75,A*salience_yesterday,-0.014993899039541913,0.007273850255350885,0.022267749294892798,0.022267749294892798,1.4851206638225511,0.005630277138233324,0.006161639740856312,319,319
6,3,2,76,A*walk_interaction_7d,-0.0682843215062534,-0.07241876446461427,-0.004134442958360879,0.004134442958360879,0.05709076906968051,0.005630277138233324,0.006161639740856312,319,319
7,4,1,0,intercept,-0.1923016339989688,-0.025486460877812932,0.16681517312115587,0.16681517312115587,0.8674662281967422,0.003421943061118146,0.00045487574281114954,319,319
7,4,1,1,weekday_vs_weekend,0.0,0.0,0.0,0.0,0.0,0.003421943061118146,0.00045487574281114954,319,319
7,4,1,2,slot_pm,0.0,0.0,0.0,0.0,0.0,0.003421943061118146,0.00045487574281114954,319,319
7,4,1,3,E_w,0.0051836804177966215,-0.04096840728176203,-0.04615208769955865,0.04615208769955865,1.1265287269320876,0.003421943061118146,0.00045487574281114954,319,319
7,4,1,4,weekday_vs_weekend*E_w,0.0,0.0,0.0,0.0,0.0,0.003421943061118146,0.00045487574281114954,319,319
7,4,1,5,slot_pm*E_w,0.0,0.0,0.0,0.0,0.0,0.003421943061118146,0.00045487574281114954,319,319
7,4,1,6,b_hat,0.6834694883660828,1.0300002712702694,0.3465307829041866,0.3465307829041866,0.33643756469774544,0.003421943061118146,0.00045487574281114954,319,319
7,4,1,7,weekday_vs_weekend*b_hat,0.0,0.0,0.0,0.0,0.0,0.003421943061118146,0.00045487574281114954,319,319
7,4,1,8,slot_pm*b_hat,0.0,0.0,0.0,0.0,0.0,0.003421943061118146,0.00045487574281114954,319,319
7,4,1,9,b_tilde,0.0,0.0,0.0,0.0,0.0,0.003421943061118146,0.00045487574281114954,319,319
7,4,1,10,M_Y_day1_fourSC_morning,-0.01498150596349424,-0.02046990232699249,-0.00548839636349825,0.00548839636349825,0.2681203005185333,0.003421943061118146,0.00045487574281114954,319,319
7,4,1,11,M_Y_day1_fourSC_afternoon,-0.030415248258362088,-0.03639921933440803,-0.005983971076045945,0.005983971076045945,0.16439833560906406,0.003421943061118146,0.00045487574281114954,319,319
7,4,1,12,M_Y_day1_anticipated_affect,0.28646036314488044,0.32366385153421556,0.037203488389335126,0.037203488389335126,0.11494483617180284,0.003421943061118146,0.00045487574281114954,319,319
7,4,1,13,M_Y_day2_fourSC_morning,0.04560636987146415,0.018009515543408374,-0.027596854328055778,0.027596854328055778,0.6051096459953743,0.003421943061118146,0.00045487574281114954,319,319
7,4,1,14,M_Y_day2_fourSC_afternoon,0.07216653402909279,0.04874639074513721,-0.02342014328395558,0.02342014328395558,0.3245291408135816,0.003421943061118146,0.00045487574281114954,319,319
7,4,1,15,M_Y_day2_anticipated_affect,0.17802732712451202,0.21234189721819796,0.03431457009368594,0.03431457009368594,0.1616005627868391,0.003421943061118146,0.00045487574281114954,319,319
7,4,1,16,M_Y_day3_fourSC_morning,-0.0481837565059291,-0.007333388614482603,0.0408503678914465,0.0408503678914465,0.8478037175540638,0.003421943061118146,0.00045487574281114954,319,319
7,4,1,17,M_Y_day3_fourSC_afternoon,-0.04622227455720196,0.033882482752898055,0.08010475731010001,0.08010475731010001,1.733033652659544,0.003421943061118146,0.00045487574281114954,319,319
7,4,1,18,M_Y_day3_anticipated_affect,0.23036977220820282,0.21692447093420061,-0.013445301274002203,0.013445301274002203,0.05836399951748293,0.003421943061118146,0.00045487574281114954,319,319
7,4,1,19,M_Y_day4_fourSC_morning,0.0,0.0,0.0,0.0,0.0,0.003421943061118146,0.00045487574281114954,319,319
7,4,1,20,M_Y_day4_fourSC_afternoon,0.0,0.0,0.0,0.0,0.0,0.003421943061118146,0.00045487574281114954,319,319
7,4,1,21,M_Y_day4_anticipated_affect,0.0,0.0,0.0,0.0,0.0,0.003421943061118146,0.00045487574281114954,319,319
7,4,1,22,M_Y_day5_fourSC_morning,0.0,0.0,0.0,0.0,0.0,0.003421943061118146,0.00045487574281114954,319,319
7,4,1,23,M_Y_day5_fourSC_afternoon,0.0,0.0,0.0,0.0,0.0,0.003421943061118146,0.00045487574281114954,319,319
7,4,1,24,M_Y_day5_anticipated_affect,0.0,0.0,0.0,0.0,0.0,0.003421943061118146,0.00045487574281114954,319,319
7,4,1,25,M_Y_day6_fourSC_morning,0.0,0.0,0.0,0.0,0.0,0.003421943061118146,0.00045487574281114954,319,319
7,4,1,26,M_Y_day6_fourSC_afternoon,0.0,0.0,0.0,0.0,0.0,0.003421943061118146,0.00045487574281114954,319,319
7,4,1,27,M_Y_day6_anticipated_affect,0.0,0.0,0.0,0.0,0.0,0.003421943061118146,0.00045487574281114954,319,319
7,4,1,28,M_E_day1_pageview_morning,0.06547177300031826,-0.009551821775230314,-0.07502359477554857,0.07502359477554857,1.1458922118266734,0.003421943061118146,0.00045487574281114954,319,319
7,4,1,29,M_E_day1_pageview_afternoon,-0.06485439934514219,-0.01145682062703015,0.053397578718112036,0.053397578718112036,0.8233455132926414,0.003421943061118146,0.00045487574281114954,319,319
7,4,1,30,M_E_day1_morning_fitbit_wear,0.0739086428390892,0.06741126222801379,-0.0064973806110754095,0.0064973806110754095,0.08791097172791056,0.003421943061118146,0.00045487574281114954,319,319
7,4,1,31,M_E_day1_daily_survey_complete,0.02651939034202048,0.0850880690271073,0.05856867868508682,0.05856867868508682,0.6883300955675471,0.003421943061118146,0.00045487574281114954,319,319
7,4,1,32,M_E_day2_pageview_morning,0.04493231174408885,0.041811072850872745,-0.0031212388932161036,0.0031212388932161036,0.06946535292893591,0.003421943061118146,0.00045487574281114954,319,319
7,4,1,33,M_E_day2_pageview_afternoon,-0.0007015807725718327,0.022785223133314474,0.023486803905886307,0.023486803905886307,1.0307910424430318,0.003421943061118146,0.00045487574281114954,319,319
7,4,1,34,M_E_day2_morning_fitbit_wear,-0.1126224112116175,-0.010741131653352035,0.10188127955826547,0.10188127955826547,0.9046270494673617,0.003421943061118146,0.00045487574281114954,319,319
7,4,1,35,M_E_day2_daily_survey_complete,-0.046788222659114455,-0.07469126427882997,-0.02790304161971551,0.02790304161971551,0.3735783814764557,0.003421943061118146,0.00045487574281114954,319,319
7,4,1,36,M_E_day3_pageview_morning,-0.03324155307674481,-0.008450681021173884,0.02479087205557093,0.02479087205557093,0.7457795969501249,0.003421943061118146,0.00045487574281114954,319,319
7,4,1,37,M_E_day3_pageview_afternoon,-0.06345243129835514,-0.04349343091195313,0.019959000386402005,0.019959000386402005,0.31455060078871083,0.003421943061118146,0.00045487574281114954,319,319
7,4,1,38,M_E_day3_morning_fitbit_wear,-0.057275602535226545,-0.04888817407621305,0.008387428459013496,0.008387428459013496,0.14643981185278543,0.003421943061118146,0.00045487574281114954,319,319
7,4,1,39,M_E_day3_daily_survey_complete,0.021661638322550886,-0.14716074340653526,-0.16882238172908615,0.16882238172908615,1.147197124865767,0.003421943061118146,0.00045487574281114954,319,319
7,4,1,40,M_E_day4_pageview_morning,0.0,0.0,0.0,0.0,0.0,0.003421943061118146,0.00045487574281114954,319,319
7,4,1,41,M_E_day4_pageview_afternoon,0.0,0.0,0.0,0.0,0.0,0.003421943061118146,0.00045487574281114954,319,319
7,4,1,42,M_E_day4_morning_fitbit_wear,0.0,0.0,0.0,0.0,0.0,0.003421943061118146,0.00045487574281114954,319,319
7,4,1,43,M_E_day4_daily_survey_complete,0.0,0.0,0.0,0.0,0.0,0.003421943061118146,0.00045487574281114954,319,319
7,4,1,44,M_E_day5_pageview_morning,0.0,0.0,0.0,0.0,0.0,0.003421943061118146,0.00045487574281114954,319,319
7,4,1,45,M_E_day5_pageview_afternoon,0.0,0.0,0.0,0.0,0.0,0.003421943061118146,0.00045487574281114954,319,319
7,4,1,46,M_E_day5_morning_fitbit_wear,0.0,0.0,0.0,0.0,0.0,0.003421943061118146,0.00045487574281114954,319,319
7,4,1,47,M_E_day5_daily_survey_complete,0.0,0.0,0.0,0.0,0.0,0.003421943061118146,0.00045487574281114954,319,319
7,4,1,48,M_E_day6_pageview_morning,0.0,0.0,0.0,0.0,0.0,0.003421943061118146,0.00045487574281114954,319,319
7,4,1,49,M_E_day6_pageview_afternoon,0.0,0.0,0.0,0.0,0.0,0.003421943061118146,0.00045487574281114954,319,319
7,4,1,50,M_E_day6_morning_fitbit_wear,0.0,0.0,0.0,0.0,0.0,0.003421943061118146,0.00045487574281114954,319,319
7,4,1,51,M_E_day6_daily_survey_complete,0.0,0.0,0.0,0.0,0.0,0.003421943061118146,0.00045487574281114954,319,319
7,4,1,52,yesterday_step_count,-0.032381195664313946,-0.03619379441093592,-0.003812598746621973,0.003812598746621973,0.10533846502344059,0.003421943061118146,0.00045487574281114954,319,319
7,4,1,53,ema_step_count,0.018119674235977046,0.007635282710084542,-0.010484391525892504,0.010484391525892504,0.5786192063583292,0.003421943061118146,0.00045487574281114954,319,319
7,4,1,54,prior2hour_step_count,-0.0006692618400795587,-0.001075628237517384,-0.0004063663974378252,0.0004063663974378252,0.3777944677017255,0.003421943061118146,0.00045487574281114954,319,319
7,4,1,55,previous7days_rpa,0.045950461697356906,0.18821349468406975,0.14226303298671283,0.14226303298671283,0.7558598984919325,0.003421943061118146,0.00045487574281114954,319,319
7,4,1,56,active_status_fraction_7days,0.20204444239572755,0.12228990301459482,-0.07975453938113274,0.07975453938113274,0.3947376054270485,0.003421943061118146,0.00045487574281114954,319,319
7,4,1,57,recent_burden,0.0007216408778518597,-0.008175417878354465,-0.008897058756206324,0.008897058756206324,1.088269601455175,0.003421943061118146,0.00045487574281114954,319,319
7,4,1,58,salience_yesterday,-0.02172546710298987,-0.015440137277679053,0.0062853298253108154,0.0062853298253108154,0.289307005254024,0.003421943061118146,0.00045487574281114954,319,319
7,4,1,59,walk_interaction_7d,-0.04825964672903802,0.04539407633234346,0.09365372306138148,0.09365372306138148,1.9406218115772005,0.003421943061118146,0.00045487574281114954,319,319
7,4,1,60,A,-0.0310716873054087,-0.010107668333586901,0.020964018971821798,0.020964018971821798,0.674698440601665,0.003421943061118146,0.00045487574281114954,319,319
7,4,1,61,A*E_w,-0.0059556089421607394,-0.003344796090383682,0.0026108128517770574,0.0026108128517770574,0.43837882526078603,0.003421943061118146,0.00045487574281114954,319,319
7,4,1,62,A*b_hat,0.0037932511972968218,0.006163380463509518,0.002370129266212696,0.002370129266212696,0.3845502123785995,0.003421943061118146,0.00045487574281114954,319,319
7,4,1,63,A*weekday_vs_weekend,0.0,0.0,0.0,0.0,0.0,0.003421943061118146,0.00045487574281114954,319,319
7,4,1,64,A*slot_pm,0.0,0.0,0.0,0.0,0.0,0.003421943061118146,0.00045487574281114954,319,319
7,4,1,65,A*weekday_vs_weekend*E_w,0.0,0.0,0.0,0.0,0.0,0.003421943061118146,0.00045487574281114954,319,319
7,4,1,66,A*slot_pm*E_w,0.0,0.0,0.0,0.0,0.0,0.003421943061118146,0.00045487574281114954,319,319
7,4,1,67,A*weekday_vs_weekend*b_hat,0.0,0.0,0.0,0.0,0.0,0.003421943061118146,0.00045487574281114954,319,319
7,4,1,68,A*slot_pm*b_hat,0.0,0.0,0.0,0.0,0.0,0.003421943061118146,0.00045487574281114954,319,319
7,4,1,69,A*yesterday_step_count,-0.017717930692052745,-0.0006500780843433082,0.017067852607709436,0.017067852607709436,0.9633095932227065,0.003421943061118146,0.00045487574281114954,319,319
7,4,1,70,A*ema_step_count,-0.017913647019570992,-0.009340787944101944,0.008572859075469048,0.008572859075469048,0.4785658144376207,0.003421943061118146,0.00045487574281114954,319,319
7,4,1,71,A*prior2hour_step_count,0.011035133334719813,0.0031783071263018266,-0.007856826208417987,0.007856826208417987,0.711982897723408,0.003421943061118146,0.00045487574281114954,319,319
7,4,1,72,A*previous7days_rpa,0.05863530697105741,0.024048970616278087,-0.034586336354779326,0.034586336354779326,0.5898551255449427,0.003421943061118146,0.00045487574281114954,319,319
7,4,1,73,A*active_status_fraction_7days,0.04532206345837182,0.013430532801950088,-0.03189153065642174,0.03189153065642174,0.7036645779756698,0.003421943061118146,0.00045487574281114954,319,319
7,4,1,74,A*recent_burden,-0.004773569730583254,-0.0013087952344499807,0.003464774496133273,0.003464774496133273,0.725824632650738,0.003421943061118146,0.00045487574281114954,319,319
7,4,1,75,A*salience_yesterday,0.02487634180826175,0.007849789149661121,-0.017026552658600626,0.017026552658600626,0.684447608488234,0.003421943061118146,0.00045487574281114954,319,319
7,4,1,76,A*walk_interaction_7d,0.09565373513536969,0.028976403410022514,-0.06667733172534718,0.06667733172534718,0.6970698178276578,0.003421943061118146,0.00045487574281114954,319,319
8,4,2,0,intercept,-0.09690268923819974,-0.02771836149784458,0.06918432774035516,0.06918432774035516,0.7139567362293822,0.005131678225041438,0.014058556904129483,319,319
8,4,2,1,weekday_vs_weekend,0.0,0.0,0.0,0.0,0.0,0.005131678225041438,0.014058556904129483,319,319
8,4,2,2,slot_pm,-0.09690268923820075,-0.02771836149785096,0.0691843277403498,0.0691843277403498,0.7139567362293194,0.005131678225041438,0.014058556904129483,319,319
8,4,2,3,E_w,-0.002046843846820465,-0.024721645096215696,-0.02267480124939523,0.02267480124939523,0.9172043834925133,0.005131678225041438,0.014058556904129483,319,319
8,4,2,4,weekday_vs_weekend*E_w,0.0,0.0,0.0,0.0,0.0,0.005131678225041438,0.014058556904129483,319,319
8,4,2,5,slot_pm*E_w,-0.0020468438468205126,-0.02472164509621604,-0.022674801249395526,0.022674801249395526,0.9172043834925124,0.005131678225041438,0.014058556904129483,319,319
8,4,2,6,b_hat,0.3571641010705233,0.5399465447032885,0.1827824436327652,0.1827824436327652,0.33851951721111173,0.005131678225041438,0.014058556904129483,319,319
8,4,2,7,weekday_vs_weekend*b_hat,0.0,0.0,0.0,0.0,0.0,0.005131678225041438,0.014058556904129483,319,319
8,4,2,8,slot_pm*b_hat,0.35716410107053365,0.539946544703283,0.18278244363274931,0.18278244363274931,0.3385195172110858,0.005131678225041438,0.014058556904129483,319,319
8,4,2,9,b_tilde,0.0,0.0,0.0,0.0,0.0,0.005131678225041438,0.014058556904129483,319,319
8,4,2,10,M_Y_day1_fourSC_morning,-0.006951395236843475,-0.01572011668673292,-0.008768721449889445,0.008768721449889445,0.5578025675400906,0.005131678225041438,0.014058556904129483,319,319
8,4,2,11,M_Y_day1_fourSC_afternoon,-0.029670851679641626,-0.03786272218546836,-0.008191870505826732,0.008191870505826732,0.2163571458412136,0.005131678225041438,0.014058556904129483,319,319
8,4,2,12,M_Y_day1_anticipated_affect,0.3380982532953203,0.38781511003085267,0.04971685673553239,0.04971685673553239,0.12819731735459497,0.005131678225041438,0.014058556904129483,319,319
8,4,2,13,M_Y_day2_fourSC_morning,0.04685823675789443,0.023549503754113223,-0.02330873300378121,0.02330873300378121,0.49743085989795116,0.005131678225041438,0.014058556904129483,319,319
8,4,2,14,M_Y_day2_fourSC_afternoon,0.08435957823590973,0.05586947117060009,-0.02849010706530964,0.02849010706530964,0.3377222558609489,0.005131678225041438,0.014058556904129483,319,319
8,4,2,15,M_Y_day2_anticipated_affect,0.13617071035481615,0.2148582096696314,0.07868749931481525,0.07868749931481525,0.3662298938253563,0.005131678225041438,0.014058556904129483,319,319
8,4,2,16,M_Y_day3_fourSC_morning,-0.03904061768056784,-0.004069025911874151,0.03497159176869369,0.03497159176869369,0.8957745508750115,0.005131678225041438,0.014058556904129483,319,319
8,4,2,17,M_Y_day3_fourSC_afternoon,-0.044973307507925095,0.038682366312361605,0.0836556738202867,0.0836556738202867,1.860118333648133,0.005131678225041438,0.014058556904129483,319,319
8,4,2,18,M_Y_day3_anticipated_affect,0.26880495660085585,0.2140746137573704,-0.054730342843485436,0.054730342843485436,0.20360615196822296,0.005131678225041438,0.014058556904129483,319,319
8,4,2,19,M_Y_day4_fourSC_morning,-0.02589558442771047,-0.019098190141925715,0.006797394285784755,0.006797394285784755,0.2624924069491541,0.005131678225041438,0.014058556904129483,319,319
8,4,2,20,M_Y_day4_fourSC_afternoon,0.0,0.0,0.0,0.0,0.0,0.005131678225041438,0.014058556904129483,319,319
8,4,2,21,M_Y_day4_anticipated_affect,0.0,0.0,0.0,0.0,0.0,0.005131678225041438,0.014058556904129483,319,319
8,4,2,22,M_Y_day5_fourSC_morning,0.0,0.0,0.0,0.0,0.0,0.005131678225041438,0.014058556904129483,319,319
8,4,2,23,M_Y_day5_fourSC_afternoon,0.0,0.0,0.0,0.0,0.0,0.005131678225041438,0.014058556904129483,319,319
8,4,2,24,M_Y_day5_anticipated_affect,0.0,0.0,0.0,0.0,0.0,0.005131678225041438,0.014058556904129483,319,319
8,4,2,25,M_Y_day6_fourSC_morning,0.0,0.0,0.0,0.0,0.0,0.005131678225041438,0.014058556904129483,319,319
8,4,2,26,M_Y_day6_fourSC_afternoon,0.0,0.0,0.0,0.0,0.0,0.005131678225041438,0.014058556904129483,319,319
8,4,2,27,M_Y_day6_anticipated_affect,0.0,0.0,0.0,0.0,0.0,0.005131678225041438,0.014058556904129483,319,319
8,4,2,28,M_E_day1_pageview_morning,0.06927624116060331,-0.01206462417132333,-0.08134086533192664,0.08134086533192664,1.174152407365086,0.005131678225041438,0.014058556904129483,319,319
8,4,2,29,M_E_day1_pageview_afternoon,-0.07337091568957722,-0.014498782715998422,0.0588721329735788,0.0588721329735788,0.8023905987852069,0.005131678225041438,0.014058556904129483,319,319
8,4,2,30,M_E_day1_morning_fitbit_wear,0.06607562398185687,0.06831845244036959,0.002242828458512716,0.002242828458512716,0.03282902903092433,0.005131678225041438,0.014058556904129483,319,319
8,4,2,31,M_E_day1_daily_survey_complete,0.021206507297756565,0.08844933642717627,0.0672428291294197,0.0672428291294197,0.7602411939492989,0.005131678225041438,0.014058556904129483,319,319
8,4,2,32,M_E_day2_pageview_morning,0.03094044340333398,0.03979137426281381,0.008850930859479831,0.008850930859479831,0.22243340481334625,0.005131678225041438,0.014058556904129483,319,319
8,4,2,33,M_E_day2_pageview_afternoon,-1.8558641561778783e-06,0.024409784411624738,0.024411640275780917,0.024411640275780917,1.0000760295185276,0.005131678225041438,0.014058556904129483,319,319
8,4,2,34,M_E_day2_morning_fitbit_wear,-0.12801159841110768,-0.009703162694005132,0.11830843571710255,0.11830843571710255,0.924200909804723,0.005131678225041438,0.014058556904129483,319,319
8,4,2,35,M_E_day2_daily_survey_complete,-0.05303909952306287,-0.08245092876886866,-0.029411829245805786,0.029411829245805786,0.3567191987400745,0.005131678225041438,0.014058556904129483,319,319
8,4,2,36,M_E_day3_pageview_morning,-0.05834697405199826,-0.015544019246913498,0.04280295480508477,0.04280295480508477,0.7335933953822384,0.005131678225041438,0.014058556904129483,319,319
8,4,2,37,M_E_day3_pageview_afternoon,-0.06668084251960753,-0.046840139659865374,0.019840702859742154,0.019840702859742154,0.29754727310033596,0.005131678225041438,0.014058556904129483,319,319
8,4,2,38,M_E_day3_morning_fitbit_wear,-0.04756487690957957,-0.05288267120923582,-0.005317794299656252,0.005317794299656252,0.1005583526334334,0.005131678225041438,0.014058556904129483,319,319
8,4,2,39,M_E_day3_daily_survey_complete,0.02707946829198957,-0.15837149200976333,-0.1854509603017529,0.1854509603017529,1.170987012550972,0.005131678225041438,0.014058556904129483,319,319
8,4,2,40,M_E_day4_pageview_morning,0.07796603027851592,0.014629606106710092,-0.06333642417180584,0.06333642417180584,0.8123592280580512,0.005131678225041438,0.014058556904129483,319,319
8,4,2,41,M_E_day4_pageview_afternoon,0.0,0.0,0.0,0.0,0.0,0.005131678225041438,0.014058556904129483,319,319
8,4,2,42,M_E_day4_morning_fitbit_wear,0.0,0.0,0.0,0.0,0.0,0.005131678225041438,0.014058556904129483,319,319
8,4,2,43,M_E_day4_daily_survey_complete,0.0,0.0,0.0,0.0,0.0,0.005131678225041438,0.014058556904129483,319,319
8,4,2,44,M_E_day5_pageview_morning,0.0,0.0,0.0,0.0,0.0,0.005131678225041438,0.014058556904129483,319,319
8,4,2,45,M_E_day5_pageview_afternoon,0.0,0.0,0.0,0.0,0.0,0.005131678225041438,0.014058556904129483,319,319
8,4,2,46,M_E_day5_morning_fitbit_wear,0.0,0.0,0.0,0.0,0.0,0.005131678225041438,0.014058556904129483,319,319
8,4,2,47,M_E_day5_daily_survey_complete,0.0,0.0,0.0,0.0,0.0,0.005131678225041438,0.014058556904129483,319,319
8,4,2,48,M_E_day6_pageview_morning,0.0,0.0,0.0,0.0,0.0,0.005131678225041438,0.014058556904129483,319,319
8,4,2,49,M_E_day6_pageview_afternoon,0.0,0.0,0.0,0.0,0.0,0.005131678225041438,0.014058556904129483,319,319
8,4,2,50,M_E_day6_morning_fitbit_wear,0.0,0.0,0.0,0.0,0.0,0.005131678225041438,0.014058556904129483,319,319
8,4,2,51,M_E_day6_daily_survey_complete,0.0,0.0,0.0,0.0,0.0,0.005131678225041438,0.014058556904129483,319,319
8,4,2,52,yesterday_step_count,-0.038179129980248264,-0.04495028208829781,-0.006771152108049544,0.006771152108049544,0.15063647642407835,0.005131678225041438,0.014058556904129483,319,319
8,4,2,53,ema_step_count,0.018506101824918738,0.005906153412587371,-0.012599948412331367,0.012599948412331367,0.6808537276805292,0.005131678225041438,0.014058556904129483,319,319
8,4,2,54,prior2hour_step_count,0.009397871216663608,0.004602378766120357,-0.0047954924505432504,0.0047954924505432504,0.5102743312804967,0.005131678225041438,0.014058556904129483,319,319
8,4,2,55,previous7days_rpa,0.029078875987837288,0.1334341324155117,0.1043552564276744,0.1043552564276744,0.7820731812660485,0.005131678225041438,0.014058556904129483,319,319
8,4,2,56,active_status_fraction_7days,0.23021692637464025,0.13279264044787292,-0.09742428592676733,0.09742428592676733,0.4231847217359913,0.005131678225041438,0.014058556904129483,319,319
8,4,2,57,recent_burden,-0.00418014161321977,-0.013784159993553596,-0.009604018380333826,0.009604018380333826,0.6967431011266058,0.005131678225041438,0.014058556904129483,319,319
8,4,2,58,salience_yesterday,-0.02326465852896337,-0.02616890572071464,-0.00290424719175127,0.00290424719175127,0.11098084202475236,0.005131678225041438,0.014058556904129483,319,319
8,4,2,59,walk_interaction_7d,-0.04520567346367994,0.07507277799785762,0.12027845146153757,0.12027845146153757,1.6021579948056537,0.005131678225041438,0.014058556904129483,319,319
8,4,2,60,A,-0.010858104879516885,0.002654789119679549,0.013512893999196434,0.013512893999196434,1.2444983861491001,0.005131678225041438,0.014058556904129483,319,319
8,4,2,61,A*E_w,0.0025927675276429733,0.002085956369814951,-0.0005068111578280222,0.0005068111578280222,0.19547111433038997,0.005131678225041438,0.014058556904129483,319,319
8,4,2,62,A*b_hat,0.007928949779805052,0.0066899130624053105,-0.001239036717399741,0.001239036717399741,0.1562674442150654,0.005131678225041438,0.014058556904129483,319,319
8,4,2,63,A*weekday_vs_weekend,0.0,0.0,0.0,0.0,0.0,0.005131678225041438,0.014058556904129483,319,319
8,4,2,64,A*slot_pm,-0.010858104879517222,0.0026547891196795578,0.013512893999196779,0.013512893999196779,1.2444983861490935,0.005131678225041438,0.014058556904129483,319,319
8,4,2,65,A*weekday_vs_weekend*E_w,0.0,0.0,0.0,0.0,0.0,0.005131678225041438,0.014058556904129483,319,319
8,4,2,66,A*slot_pm*E_w,0.002592767527642522,0.0020859563698149017,-0.0005068111578276201,0.0005068111578276201,0.19547111433026895,0.005131678225041438,0.014058556904129483,319,319
8,4,2,67,A*weekday_vs_weekend*b_hat,0.0,0.0,0.0,0.0,0.0,0.005131678225041438,0.014058556904129483,319,319
8,4,2,68,A*slot_pm*b_hat,0.007928949779805052,0.006689913062405338,-0.0012390367173997132,0.0012390367173997132,0.1562674442150619,0.005131678225041438,0.014058556904129483,319,319
8,4,2,69,A*yesterday_step_count,-0.004029047489929148,0.0014022447118114195,0.005431292201740567,0.005431292201740567,1.348033800871401,0.005131678225041438,0.014058556904129483,319,319
8,4,2,70,A*ema_step_count,-0.010467167171207924,-0.007651904775186412,0.0028152623960215123,0.0028152623960215123,0.26896125283691513,0.005131678225041438,0.014058556904129483,319,319
8,4,2,71,A*prior2hour_step_count,0.007332122617497171,0.012219726213966262,0.00488760359646909,0.00488760359646909,0.39997652245947324,0.005131678225041438,0.014058556904129483,319,319
8,4,2,72,A*previous7days_rpa,0.05013375709402861,0.0911728637787013,0.04103910668467269,0.04103910668467269,0.45012413764126763,0.005131678225041438,0.014058556904129483,319,319
8,4,2,73,A*active_status_fraction_7days,0.026182663985019075,0.013655506913968787,-0.012527157071050288,0.012527157071050288,0.47845234840190237,0.005131678225041438,0.014058556904129483,319,319
8,4,2,74,A*recent_burden,0.009925819592520816,0.006056373901056701,-0.003869445691464115,0.003869445691464115,0.3898363913827099,0.005131678225041438,0.014058556904129483,319,319
8,4,2,75,A*salience_yesterday,0.014292067898070991,0.014456764911733526,0.00016469701366253475,0.00016469701366253475,0.011392383750313454,0.005131678225041438,0.014058556904129483,319,319
8,4,2,76,A*walk_interaction_7d,-0.0056982071810525,-0.004963944658816752,0.000734262522235748,0.000734262522235748,0.12885851617984245,0.005131678225041438,0.014058556904129483,319,319
9,5,1,0,intercept,-0.22023304553004364,-0.09368368902419763,0.126549356505846,0.126549356505846,0.5746156586141495,0.0018667256536450982,0.0013977086056465389,319,319
9,5,1,1,weekday_vs_weekend,0.0,0.0,0.0,0.0,0.0,0.0018667256536450982,0.0013977086056465389,319,319
9,5,1,2,slot_pm,0.0,0.0,0.0,0.0,0.0,0.0018667256536450982,0.0013977086056465389,319,319
9,5,1,3,E_w,-0.0021202046544277894,-0.052814576576706844,-0.050694371922279054,0.050694371922279054,0.9598556915182602,0.0018667256536450982,0.0013977086056465389,319,319
9,5,1,4,weekday_vs_weekend*E_w,0.0,0.0,0.0,0.0,0.0,0.0018667256536450982,0.0013977086056465389,319,319
9,5,1,5,slot_pm*E_w,0.0,0.0,0.0,0.0,0.0,0.0018667256536450982,0.0013977086056465389,319,319
9,5,1,6,b_hat,0.745254037237569,1.0961686247917959,0.3509145875542269,0.3509145875542269,0.32012829013499533,0.0018667256536450982,0.0013977086056465389,319,319
9,5,1,7,weekday_vs_weekend*b_hat,0.0,0.0,0.0,0.0,0.0,0.0018667256536450982,0.0013977086056465389,319,319
9,5,1,8,slot_pm*b_hat,0.0,0.0,0.0,0.0,0.0,0.0018667256536450982,0.0013977086056465389,319,319
9,5,1,9,b_tilde,0.0,0.0,0.0,0.0,0.0,0.0018667256536450982,0.0013977086056465389,319,319
9,5,1,10,M_Y_day1_fourSC_morning,-0.01501352376793731,-0.021546871388488886,-0.0065333476205515755,0.0065333476205515755,0.3032156039155608,0.0018667256536450982,0.0013977086056465389,319,319
9,5,1,11,M_Y_day1_fourSC_afternoon,-0.03354493100546397,-0.046913967714959884,-0.013369036709495914,0.013369036709495914,0.2849692183514209,0.0018667256536450982,0.0013977086056465389,319,319
9,5,1,12,M_Y_day1_anticipated_affect,0.20305241504412458,0.2747807217804749,0.07172830673635033,0.07172830673635033,0.2610383518595413,0.0018667256536450982,0.0013977086056465389,319,319
9,5,1,13,M_Y_day2_fourSC_morning,0.013709169862943424,-0.0071848104729086695,-0.020893980335852092,0.020893980335852092,1.5240879312707019,0.0018667256536450982,0.0013977086056465389,319,319
9,5,1,14,M_Y_day2_fourSC_afternoon,0.059087922732503836,0.031599648507765414,-0.027488274224738422,0.027488274224738422,0.46520969012872954,0.0018667256536450982,0.0013977086056465389,319,319
9,5,1,15,M_Y_day2_anticipated_affect,0.11127725918337016,0.22655682944869202,0.11527957026532186,0.11527957026532186,0.5088329076013532,0.0018667256536450982,0.0013977086056465389,319,319
9,5,1,16,M_Y_day3_fourSC_morning,0.008784343710567615,0.038330408237509134,0.02954606452694152,0.02954606452694152,0.7708257199835538,0.0018667256536450982,0.0013977086056465389,319,319
9,5,1,17,M_Y_day3_fourSC_afternoon,-0.0374056951177831,0.06539336090869789,0.10279905602648098,0.10279905602648098,1.5720105924821461,0.0018667256536450982,0.0013977086056465389,319,319
9,5,1,18,M_Y_day3_anticipated_affect,0.19747852004459154,0.20349641650869257,0.00601789646410103,0.00601789646410103,0.02957249354729531,0.0018667256536450982,0.0013977086056465389,319,319
9,5,1,19,M_Y_day4_fourSC_morning,-0.04652469973449923,-0.030025110215191803,0.016499589519307425,0.016499589519307425,0.3546415046946035,0.0018667256536450982,0.0013977086056465389,319,319
9,5,1,20,M_Y_day4_fourSC_afternoon,0.07217330599651153,0.025234276903649353,-0.04693902909286218,0.04693902909286218,0.6503655118019807,0.0018667256536450982,0.0013977086056465389,319,319
9,5,1,21,M_Y_day4_anticipated_affect,0.3254210889224091,0.31549035985787743,-0.009930729064531685,0.009930729064531685,0.03051655040985832,0.0018667256536450982,0.0013977086056465389,319,319
9,5,1,22,M_Y_day5_fourSC_morning,0.0,0.0,0.0,0.0,0.0,0.0018667256536450982,0.0013977086056465389,319,319
9,5,1,23,M_Y_day5_fourSC_afternoon,0.0,0.0,0.0,0.0,0.0,0.0018667256536450982,0.0013977086056465389,319,319
9,5,1,24,M_Y_day5_anticipated_affect,0.0,0.0,0.0,0.0,0.0,0.0018667256536450982,0.0013977086056465389,319,319
9,5,1,25,M_Y_day6_fourSC_morning,0.0,0.0,0.0,0.0,0.0,0.0018667256536450982,0.0013977086056465389,319,319
9,5,1,26,M_Y_day6_fourSC_afternoon,0.0,0.0,0.0,0.0,0.0,0.0018667256536450982,0.0013977086056465389,319,319
9,5,1,27,M_Y_day6_anticipated_affect,0.0,0.0,0.0,0.0,0.0,0.0018667256536450982,0.0013977086056465389,319,319
9,5,1,28,M_E_day1_pageview_morning,0.07210575815651354,-0.008691184585072134,-0.08079694274158568,0.08079694274158568,1.1205338492691104,0.0018667256536450982,0.0013977086056465389,319,319
9,5,1,29,M_E_day1_pageview_afternoon,-0.07384479602298631,-0.006964928430269552,0.06687986759271676,0.06687986759271676,0.9056815265885287,0.0018667256536450982,0.0013977086056465389,319,319
9,5,1,30,M_E_day1_morning_fitbit_wear,0.08712760569614414,0.08231433992855695,-0.004813265767587185,0.004813265767587185,0.055243865926642786,0.0018667256536450982,0.0013977086056465389,319,319
9,5,1,31,M_E_day1_daily_survey_complete,0.030553881998277285,0.11742665559216559,0.0868727735938883,0.0868727735938883,0.7398045457038822,0.0018667256536450982,0.0013977086056465389,319,319
9,5,1,32,M_E_day2_pageview_morning,0.03119719852162507,0.03344072342607783,0.002243524904452763,0.002243524904452763,0.06708960436852307,0.0018667256536450982,0.0013977086056465389,319,319
9,5,1,33,M_E_day2_pageview_afternoon,0.004714065742783547,0.03077874872739578,0.026064682984612234,0.026064682984612234,0.8468402408253973,0.0018667256536450982,0.0013977086056465389,319,319
9,5,1,34,M_E_day2_morning_fitbit_wear,-0.12163515719678404,-0.02193687485140666,0.09969828234537738,0.09969828234537738,0.8196502116907145,0.0018667256536450982,0.0013977086056465389,319,319
9,5,1,35,M_E_day2_daily_survey_complete,-0.047603196499412644,-0.08973074946985943,-0.042127552970446784,0.042127552970446784,0.4694884776884365,0.0018667256536450982,0.0013977086056465389,319,319
9,5,1,36,M_E_day3_pageview_morning,-0.05868795935041589,-0.0127017388837792,0.04598622046663669,0.04598622046663669,0.7835716384694983,0.0018667256536450982,0.0013977086056465389,319,319
9,5,1,37,M_E_day3_pageview_afternoon,-0.08069099822019632,-0.06948441642164756,0.011206581798548762,0.011206581798548762,0.13888267645378866,0.0018667256536450982,0.0013977086056465389,319,319
9,5,1,38,M_E_day3_morning_fitbit_wear,0.0016066071490229246,0.0019656281442620408,0.0003590209952391162,0.0003590209952391162,0.18264949873003783,0.0018667256536450982,0.0013977086056465389,319,319
9,5,1,39,M_E_day3_daily_survey_complete,0.03004687961690261,-0.1805654219922709,-0.21061230160917352,0.21061230160917352,1.1664043939608146,0.0018667256536450982,0.0013977086056465389,319,319
9,5,1,40,M_E_day4_pageview_morning,0.07033733850901297,0.007100643807100951,-0.06323669470191202,0.06323669470191202,0.8990487277793276,0.0018667256536450982,0.0013977086056465389,319,319
9,5,1,41,M_E_day4_pageview_afternoon,0.04869850584189823,0.11858794435413623,0.069889438512238,0.069889438512238,0.5893469095267299,0.0018667256536450982,0.0013977086056465389,319,319
9,5,1,42,M_E_day4_morning_fitbit_wear,-0.10789735113455459,-0.0904557257476938,0.017441625386860796,0.017441625386860796,0.16165017216326305,0.0018667256536450982,0.0013977086056465389,319,319
9,5,1,43,M_E_day4_daily_survey_complete,-0.02250325984089365,-0.013858165633872075,0.008645094207021576,0.008645094207021576,0.3841707498444928,0.0018667256536450982,0.0013977086056465389,319,319
9,5,1,44,M_E_day5_pageview_morning,0.0,0.0,0.0,0.0,0.0,0.0018667256536450982,0.0013977086056465389,319,319
9,5,1,45,M_E_day5_pageview_afternoon,0.0,0.0,0.0,0.0,0.0,0.0018667256536450982,0.0013977086056465389,319,319
9,5,1,46,M_E_day5_morning_fitbit_wear,0.0,0.0,0.0,0.0,0.0,0.0018667256536450982,0.0013977086056465389,319,319
9,5,1,47,M_E_day5_daily_survey_complete,0.0,0.0,0.0,0.0,0.0,0.0018667256536450982,0.0013977086056465389,319,319
9,5,1,48,M_E_day6_pageview_morning,0.0,0.0,0.0,0.0,0.0,0.0018667256536450982,0.0013977086056465389,319,319
9,5,1,49,M_E_day6_pageview_afternoon,0.0,0.0,0.0,0.0,0.0,0.0018667256536450982,0.0013977086056465389,319,319
9,5,1,50,M_E_day6_morning_fitbit_wear,0.0,0.0,0.0,0.0,0.0,0.0018667256536450982,0.0013977086056465389,319,319
9,5,1,51,M_E_day6_daily_survey_complete,0.0,0.0,0.0,0.0,0.0,0.0018667256536450982,0.0013977086056465389,319,319
9,5,1,52,yesterday_step_count,-0.07037566693255853,-0.05124608116226259,0.019129585770295943,0.019129585770295943,0.27182102286331367,0.0018667256536450982,0.0013977086056465389,319,319
9,5,1,53,ema_step_count,0.013076958742090975,0.008772084291663,-0.004304874450427975,0.004304874450427975,0.3291953836767734,0.0018667256536450982,0.0013977086056465389,319,319
9,5,1,54,prior2hour_step_count,0.0038368775078905354,-0.010715926890001113,-0.01455280439789165,0.01455280439789165,1.3580537220229334,0.0018667256536450982,0.0013977086056465389,319,319
9,5,1,55,previous7days_rpa,0.011707205346556976,0.10858433206355164,0.09687712671699467,0.09687712671699467,0.892183290866448,0.0018667256536450982,0.0013977086056465389,319,319
9,5,1,56,active_status_fraction_7days,0.24103380070468292,0.10393201274829057,-0.13710178795639233,0.13710178795639233,0.5688073106575241,0.0018667256536450982,0.0013977086056465389,319,319
9,5,1,57,recent_burden,0.007861880708322734,0.005429948145296906,-0.0024319325630258277,0.0024319325630258277,0.30933216278025416,0.0018667256536450982,0.0013977086056465389,319,319
9,5,1,58,salience_yesterday,-0.01683562832169811,-0.009204968071752289,0.007630660249945822,0.007630660249945822,0.45324475595076347,0.0018667256536450982,0.0013977086056465389,319,319
9,5,1,59,walk_interaction_7d,-0.08257251518639758,-0.03070772977088372,0.051864785415513856,0.051864785415513856,0.6281119728330342,0.0018667256536450982,0.0013977086056465389,319,319
9,5,1,60,A,-0.020005513751043248,-0.009013157072967246,0.010992356678076002,0.010992356678076002,0.5494663528699818,0.0018667256536450982,0.0013977086056465389,319,319
9,5,1,61,A*E_w,0.0012645266505461434,0.00038938725394022447,-0.0008751393966059189,0.0008751393966059189,0.6920687644091567,0.0018667256536450982,0.0013977086056465389,319,319
9,5,1,62,A*b_hat,-0.008314186283615974,0.014078288302326733,0.022392474585942707,0.022392474585942707,1.5905679799327508,0.0018667256536450982,0.0013977086056465389,319,319
9,5,1,63,A*weekday_vs_weekend,0.0,0.0,0.0,0.0,0.0,0.0018667256536450982,0.0013977086056465389,319,319
9,5,1,64,A*slot_pm,0.0,0.0,0.0,0.0,0.0,0.0018667256536450982,0.0013977086056465389,319,319
9,5,1,65,A*weekday_vs_weekend*E_w,0.0,0.0,0.0,0.0,0.0,0.0018667256536450982,0.0013977086056465389,319,319
9,5,1,66,A*slot_pm*E_w,0.0,0.0,0.0,0.0,0.0,0.0018667256536450982,0.0013977086056465389,319,319
9,5,1,67,A*weekday_vs_weekend*b_hat,0.0,0.0,0.0,0.0,0.0,0.0018667256536450982,0.0013977086056465389,319,319
9,5,1,68,A*slot_pm*b_hat,0.0,0.0,0.0,0.0,0.0,0.0018667256536450982,0.0013977086056465389,319,319
9,5,1,69,A*yesterday_step_count,0.015491091326269892,0.00571827283284552,-0.009772818493424372,0.009772818493424372,0.6308670117289648,0.0018667256536450982,0.0013977086056465389,319,319
9,5,1,70,A*ema_step_count,-0.006196561196645588,-0.0034193719469509443,0.0027771892496946432,0.0027771892496946432,0.44818233235524757,0.0018667256536450982,0.0013977086056465389,319,319
9,5,1,71,A*prior2hour_step_count,0.0015315924201823432,-0.0060754685437245,-0.007607060963906843,0.007607060963906843,1.252094535451815,0.0018667256536450982,0.0013977086056465389,319,319
9,5,1,72,A*previous7days_rpa,-0.04049064990834743,-0.01939003060595387,0.02110061930239356,0.02110061930239356,0.5211232556196516,0.0018667256536450982,0.0013977086056465389,319,319
9,5,1,73,A*active_status_fraction_7days,0.032939891168869785,0.015703219889363233,-0.017236671279506552,0.017236671279506552,0.5232765096624321,0.0018667256536450982,0.0013977086056465389,319,319
9,5,1,74,A*recent_burden,0.0014501318475161294,-0.00018385441540833572,-0.0016339862629244652,0.0016339862629244652,1.126784620117993,0.0018667256536450982,0.0013977086056465389,319,319
9,5,1,75,A*salience_yesterday,0.005342294724094974,0.00041604921087372044,-0.004926245513221254,0.004926245513221254,0.9221216289327425,0.0018667256536450982,0.0013977086056465389,319,319
9,5,1,76,A*walk_interaction_7d,-0.05878221269863023,-0.03511126265660999,0.023670950042020238,0.023670950042020238,0.40268899306969824,0.0018667256536450982,0.0013977086056465389,319,319
10,5,2,0,intercept,-0.1456810164723855,-0.059188366393893965,0.08649265007849152,0.08649265007849152,0.5937125658021929,0.009048766385354469,0.00550941137064396,319,319
10,5,2,1,weekday_vs_weekend,0.0,0.0,0.0,0.0,0.0,0.009048766385354469,0.00550941137064396,319,319
10,5,2,2,slot_pm,-0.14568101647238416,-0.0591883663938471,0.08649265007853706,0.08649265007853706,0.593712565802511,0.009048766385354469,0.00550941137064396,319,319
10,5,2,3,E_w,9.713742536413023e-05,-0.031906886780651136,-0.032004024206015266,0.032004024206015266,1.003044403110586,0.009048766385354469,0.00550941137064396,319,319
10,5,2,4,weekday_vs_weekend*E_w,0.0,0.0,0.0,0.0,0.0,0.009048766385354469,0.00550941137064396,319,319
10,5,2,5,slot_pm*E_w,9.713742536402519e-05,-0.03190688678065147,-0.032004024206015495,0.032004024206015495,1.0030444031105827,0.009048766385354469,0.00550941137064396,319,319
10,5,2,6,b_hat,0.39323842648539553,0.5805522287797982,0.18731380229440264,0.18731380229440264,0.32264763273426383,0.009048766385354469,0.00550941137064396,319,319
10,5,2,7,weekday_vs_weekend*b_hat,0.0,0.0,0.0,0.0,0.0,0.009048766385354469,0.00550941137064396,319,319
10,5,2,8,slot_pm*b_hat,0.3932384264854015,0.5805522287797851,0.18731380229438355,0.18731380229438355,0.32264763273423824,0.009048766385354469,0.00550941137064396,319,319
10,5,2,9,b_tilde,0.0,0.0,0.0,0.0,0.0,0.009048766385354469,0.00550941137064396,319,319
10,5,2,10,M_Y_day1_fourSC_morning,-0.01530478969408243,-0.019269535977828264,-0.003964746283745834,0.003964746283745834,0.2057520372212239,0.009048766385354469,0.00550941137064396,319,319
10,5,2,11,M_Y_day1_fourSC_afternoon,-0.04398220387103088,-0.04464933180864216,-0.0006671279376112838,0.0006671279376112838,0.014941498799365165,0.009048766385354469,0.00550941137064396,319,319
10,5,2,12,M_Y_day1_anticipated_affect,0.169468297346631,0.3135377922718744,0.1440694949252434,0.1440694949252434,0.459496425873657,0.009048766385354469,0.00550941137064396,319,319
10,5,2,13,M_Y_day2_fourSC_morning,0.013830802817549746,-0.001802147596616384,-0.01563295041416613,0.01563295041416613,1.13029956542578,0.009048766385354469,0.00550941137064396,319,319
10,5,2,14,M_Y_day2_fourSC_afternoon,0.050312586868265854,0.025211212637920786,-0.02510137423034507,0.02510137423034507,0.49890844007024215,0.009048766385354469,0.00550941137064396,319,319
10,5,2,15,M_Y_day2_anticipated_affect,0.09520924976131122,0.17642065952861152,0.0812114097673003,0.0812114097673003,0.46032822904241333,0.009048766385354469,0.00550941137064396,319,319
10,5,2,16,M_Y_day3_fourSC_morning,0.02217663598870394,0.058452779570599675,0.03627614358189574,0.03627614358189574,0.6206059634526218,0.009048766385354469,0.00550941137064396,319,319
10,5,2,17,M_Y_day3_fourSC_afternoon,-0.03900937596845373,0.06329057592093344,0.10229995188938718,0.10229995188938718,1.6163536261257394,0.009048766385354469,0.00550941137064396,319,319
10,5,2,18,M_Y_day3_anticipated_affect,0.20172433663391007,0.2185662801262867,0.016841943492376638,0.016841943492376638,0.07705645849234123,0.009048766385354469,0.00550941137064396,319,319
10,5,2,19,M_Y_day4_fourSC_morning,-0.0451153487190751,-0.015940407566275974,0.029174941152799123,0.029174941152799123,0.646674401974948,0.009048766385354469,0.00550941137064396,319,319
10,5,2,20,M_Y_day4_fourSC_afternoon,0.06549138978030969,0.020922732149198705,-0.04456865763111098,0.04456865763111098,0.6805269788993051,0.009048766385354469,0.00550941137064396,319,319
10,5,2,21,M_Y_day4_anticipated_affect,0.4261922109168879,0.3914323145288936,-0.034759896387994316,0.034759896387994316,0.08155920145329186,0.009048766385354469,0.00550941137064396,319,319
10,5,2,22,M_Y_day5_fourSC_morning,0.022836317377941423,-0.054923523649227576,-0.077759841027169,0.077759841027169,1.4157839093461475,0.009048766385354469,0.00550941137064396,319,319
10,5,2,23,M_Y_day5_fourSC_afternoon,0.0,0.0,0.0,0.0,0.0,0.009048766385354469,0.00550941137064396,319,319
10,5,2,24,M_Y_day5_anticipated_affect,0.0,0.0,0.0,0.0,0.0,0.009048766385354469,0.00550941137064396,319,319
10,5,2,25,M_Y_day6_fourSC_morning,0.0,0.0,0.0,0.0,0.0,0.009048766385354469,0.00550941137064396,319,319
10,5,2,26,M_Y_day6_fourSC_afternoon,0.0,0.0,0.0,0.0,0.0,0.009048766385354469,0.00550941137064396,319,319
10,5,2,27,M_Y_day6_anticipated_affect,0.0,0.0,0.0,0.0,0.0,0.009048766385354469,0.00550941137064396,319,319
10,5,2,28,M_E_day1_pageview_morning,0.07756383357702605,-0.009237547234519262,-0.08680138081154531,0.08680138081154531,1.1190960633133968,0.009048766385354469,0.00550941137064396,319,319
10,5,2,29,M_E_day1_pageview_afternoon,-0.07634342873950013,-0.00330307871282328,0.07304035002667686,0.07304035002667686,0.9567339485878467,0.009048766385354469,0.00550941137064396,319,319
10,5,2,30,M_E_day1_morning_fitbit_wear,0.1143430655963648,0.09132729137852368,-0.023015774217841123,0.023015774217841123,0.20128701375812022,0.009048766385354469,0.00550941137064396,319,319
10,5,2,31,M_E_day1_daily_survey_complete,0.04075193554062513,0.12957541124944036,0.08882347570881523,0.08882347570881523,0.6854963827807172,0.009048766385354469,0.00550941137064396,319,319
10,5,2,32,M_E_day2_pageview_morning,0.03884529115957335,0.03808910069019274,-0.0007561904693806146,0.0007561904693806146,0.019466721623329956,0.009048766385354469,0.00550941137064396,319,319
10,5,2,33,M_E_day2_pageview_afternoon,0.003611902525503052,0.032890217813745876,0.029278315288242825,0.029278315288242825,0.8901830767446751,0.009048766385354469,0.00550941137064396,319,319
10,5,2,34,M_E_day2_morning_fitbit_wear,-0.14338215611465954,-0.02076718727275768,0.12261496884190186,0.12261496884190186,0.8551619822472845,0.009048766385354469,0.00550941137064396,319,319
10,5,2,35,M_E_day2_daily_survey_complete,-0.05157949781241617,-0.09347834611234306,-0.041898848299926884,0.041898848299926884,0.4482198288956942,0.009048766385354469,0.00550941137064396,319,319
10,5,2,36,M_E_day3_pageview_morning,-0.06269570877103214,-0.008842145278530264,0.05385356349250188,0.05385356349250188,0.8589672969353896,0.009048766385354469,0.00550941137064396,319,319
10,5,2,37,M_E_day3_pageview_afternoon,-0.08424224980889561,-0.07106413085252906,0.013178118956366544,0.013178118956366544,0.15643123238352774,0.009048766385354469,0.00550941137064396,319,319
10,5,2,38,M_E_day3_morning_fitbit_wear,0.008741800860803431,0.0024121590078180384,-0.006329641852985393,0.006329641852985393,0.7240661225041514,0.009048766385354469,0.00550941137064396,319,319
10,5,2,39,M_E_day3_daily_survey_complete,0.04836086003757844,-0.1909422175391331,-0.23930307757671154,0.23930307757671154,1.2532748423101718,0.009048766385354469,0.00550941137064396,319,319
10,5,2,40,M_E_day4_pageview_morning,0.07833538338422232,0.011226238736484031,-0.06710914464773829,0.06710914464773829,0.8566900645469346,0.009048766385354469,0.00550941137064396,319,319
10,5,2,41,M_E_day4_pageview_afternoon,0.0496534549212403,0.13208501072471757,0.08243155580347727,0.08243155580347727,0.6240795632388252,0.009048766385354469,0.00550941137064396,319,319
10,5,2,42,M_E_day4_morning_fitbit_wear,-0.12229537839009133,-0.0969673443468614,0.025328034043229933,0.025328034043229933,0.20710540640742703,0.009048766385354469,0.00550941137064396,319,319
10,5,2,43,M_E_day4_daily_survey_complete,-0.042167412248272154,-0.02490498866467658,0.017262423583595574,0.017262423583595574,0.409378300996,0.009048766385354469,0.00550941137064396,319,319
10,5,2,44,M_E_day5_pageview_morning,-0.058933098375470935,-0.02344643962903733,0.03548665874643361,0.03548665874643361,0.6021515875568461,0.009048766385354469,0.00550941137064396,319,319
10,5,2,45,M_E_day5_pageview_afternoon,0.0,0.0,0.0,0.0,0.0,0.009048766385354469,0.00550941137064396,319,319
10,5,2,46,M_E_day5_morning_fitbit_wear,0.0,0.0,0.0,0.0,0.0,0.009048766385354469,0.00550941137064396,319,319
10,5,2,47,M_E_day5_daily_survey_complete,0.0,0.0,0.0,0.0,0.0,0.009048766385354469,0.00550941137064396,319,319
10,5,2,48,M_E_day6_pageview_morning,0.0,0.0,0.0,0.0,0.0,0.009048766385354469,0.00550941137064396,319,319
10,5,2,49,M_E_day6_pageview_afternoon,0.0,0.0,0.0,0.0,0.0,0.009048766385354469,0.00550941137064396,319,319
10,5,2,50,M_E_day6_morning_fitbit_wear,0.0,0.0,0.0,0.0,0.0,0.009048766385354469,0.00550941137064396,319,319
10,5,2,51,M_E_day6_daily_survey_complete,0.0,0.0,0.0,0.0,0.0,0.009048766385354469,0.00550941137064396,319,319
10,5,2,52,yesterday_step_count,-0.08632083813879275,-0.050514948493703374,0.03580588964508938,0.03580588964508938,0.4148000693357279,0.009048766385354469,0.00550941137064396,319,319
10,5,2,53,ema_step_count,0.019807404136665333,0.024848019864231016,0.005040615727565683,0.005040615727565683,0.20285784360715609,0.009048766385354469,0.00550941137064396,319,319
10,5,2,54,prior2hour_step_count,0.012419101390006638,-0.0015775476173453553,-0.013996649007351994,0.013996649007351994,1.1270259069319437,0.009048766385354469,0.00550941137064396,319,319
10,5,2,55,previous7days_rpa,0.018721885972007433,0.08155831025199789,0.06283642427999045,0.06283642427999045,0.7704478438290251,0.009048766385354469,0.00550941137064396,319,319
10,5,2,56,active_status_fraction_7days,0.2931616972726322,0.12985550835422882,-0.16330618891840337,0.16330618891840337,0.5570515876995117,0.009048766385354469,0.00550941137064396,319,319
10,5,2,57,recent_burden,0.0006622314228427429,0.0060288656000342606,0.005366634177191518,0.005366634177191518,0.8901565457291037,0.009048766385354469,0.00550941137064396,319,319
10,5,2,58,salience_yesterday,-0.02302250037441757,-0.02262369619298776,0.0003988041814298113,0.0003988041814298113,0.017322366161103834,0.009048766385354469,0.00550941137064396,319,319
10,5,2,59,walk_interaction_7d,-0.08833450653874798,-0.026148860005886464,0.062185646532861516,0.062185646532861516,0.7039791013671848,0.009048766385354469,0.00550941137064396,319,319
10,5,2,60,A,-0.03305714518205327,-0.02801778782816166,0.005039357353891612,0.005039357353891612,0.15244381588726783,0.009048766385354469,0.00550941137064396,319,319
10,5,2,61,A*E_w,0.0045173884369981866,0.008917720521106925,0.004400332084108739,0.004400332084108739,0.49343686805319853,0.009048766385354469,0.00550941137064396,319,319
10,5,2,62,A*b_hat,0.014120582167332538,0.011168077056011787,-0.0029525051113207506,0.0029525051113207506,0.20909230769190704,0.009048766385354469,0.00550941137064396,319,319
10,5,2,63,A*weekday_vs_weekend,0.0,0.0,0.0,0.0,0.0,0.009048766385354469,0.00550941137064396,319,319
10,5,2,64,A*slot_pm,-0.033057145182053195,-0.028017787828161823,0.005039357353891372,0.005039357353891372,0.15244381588726094,0.009048766385354469,0.00550941137064396,319,319
10,5,2,65,A*weekday_vs_weekend*E_w,0.0,0.0,0.0,0.0,0.0,0.009048766385354469,0.00550941137064396,319,319
10,5,2,66,A*slot_pm*E_w,0.0045173884369975135,0.008917720521106306,0.004400332084108793,0.004400332084108793,0.49343686805323883,0.009048766385354469,0.00550941137064396,319,319
10,5,2,67,A*weekday_vs_weekend*b_hat,0.0,0.0,0.0,0.0,0.0,0.009048766385354469,0.00550941137064396,319,319
10,5,2,68,A*slot_pm*b_hat,0.014120582167332488,0.011168077056011706,-0.002952505111320782,0.002952505111320782,0.20909230769191,0.009048766385354469,0.00550941137064396,319,319
10,5,2,69,A*yesterday_step_count,-0.0067240693912120975,-0.0002559357934155643,0.006468133597796533,0.006468133597796533,0.9619373658234319,0.009048766385354469,0.00550941137064396,319,319
10,5,2,70,A*ema_step_count,0.01854170774375232,-0.003676569241413748,-0.02221827698516607,0.02221827698516607,1.1982864411533278,0.009048766385354469,0.00550941137064396,319,319
10,5,2,71,A*prior2hour_step_count,-0.017721305909209457,-0.012715080195739322,0.005006225713470135,0.005006225713470135,0.2824975619245129,0.009048766385354469,0.00550941137064396,319,319
10,5,2,72,A*previous7days_rpa,0.03852676263065774,0.05976002182755465,0.021233259196896913,0.021233259196896913,0.3553087590591626,0.009048766385354469,0.00550941137064396,319,319
10,5,2,73,A*active_status_fraction_7days,0.001132881769544423,-0.0012246721652433069,-0.00235755393478773,0.00235755393478773,1.9250490063349748,0.009048766385354469,0.00550941137064396,319,319
10,5,2,74,A*recent_burden,-0.0009217558644931861,0.0036543126181633923,0.004576068482656579,0.004576068482656579,1.252237824402787,0.009048766385354469,0.00550941137064396,319,319
10,5,2,75,A*salience_yesterday,0.044458344923829975,0.03929995440923825,-0.005158390514591722,0.005158390514591722,0.11602749772690683,0.009048766385354469,0.00550941137064396,319,319
10,5,2,76,A*walk_interaction_7d,-0.04455165260444063,-0.04575892517332196,-0.0012072725688813332,0.0012072725688813332,0.02638332444017257,0.009048766385354469,0.00550941137064396,319,319
11,6,1,0,intercept,-0.159382513876969,-0.049987286833248344,0.10939522704372065,0.10939522704372065,0.6863690651043772,0.0037633329681823076,0.013671050335782716,319,319
11,6,1,1,weekday_vs_weekend,-0.15938251387696795,-0.04998728683321368,0.10939522704375426,0.10939522704375426,0.6863690651045927,0.0037633329681823076,0.013671050335782716,319,319
11,6,1,2,slot_pm,0.0,0.0,0.0,0.0,0.0,0.0037633329681823076,0.013671050335782716,319,319
11,6,1,3,E_w,-0.00015424191671358823,-0.029892642697364913,-0.029738400780651323,0.029738400780651323,0.994840137813336,0.0037633329681823076,0.013671050335782716,319,319
11,6,1,4,weekday_vs_weekend*E_w,-0.00015424191671367096,-0.02989264269736531,-0.02973840078065164,0.02973840078065164,0.9948401378133335,0.0037633329681823076,0.013671050335782716,319,319
11,6,1,5,slot_pm*E_w,0.0,0.0,0.0,0.0,0.0,0.0037633329681823076,0.013671050335782716,319,319
11,6,1,6,b_hat,0.42294532615304864,0.6203494119866187,0.1974040858335701,0.1974040858335701,0.31821435149168514,0.0037633329681823076,0.013671050335782716,319,319
11,6,1,7,weekday_vs_weekend*b_hat,0.42294532615306013,0.6203494119866078,0.19740408583354763,0.19740408583354763,0.31821435149165456,0.0037633329681823076,0.013671050335782716,319,319
11,6,1,8,slot_pm*b_hat,0.0,0.0,0.0,0.0,0.0,0.0037633329681823076,0.013671050335782716,319,319
11,6,1,9,b_tilde,0.0,0.0,0.0,0.0,0.0,0.0037633329681823076,0.013671050335782716,319,319
11,6,1,10,M_Y_day1_fourSC_morning,-0.014054553534878975,-0.009855487058143982,0.004199066476734993,0.004199066476734993,0.2987691118265858,0.0037633329681823076,0.013671050335782716,319,319
11,6,1,11,M_Y_day1_fourSC_afternoon,-0.04002116947395614,-0.02066993855017221,0.019351230923783932,0.019351230923783932,0.4835248739139616,0.0037633329681823076,0.013671050335782716,319,319
11,6,1,12,M_Y_day1_anticipated_affect,0.15191465882146726,0.39835605560997595,0.24644139678850868,0.24644139678850868,0.6186460411933477,0.0037633329681823076,0.013671050335782716,319,319
11,6,1,13,M_Y_day2_fourSC_morning,0.005270354795181267,-0.011834003846992881,-0.017104358642174147,0.017104358642174147,1.4453568600554838,0.0037633329681823076,0.013671050335782716,319,319
11,6,1,14,M_Y_day2_fourSC_afternoon,0.08403786403360256,0.05476934603985475,-0.029268517993747807,0.029268517993747807,0.34827774754061797,0.0037633329681823076,0.013671050335782716,319,319
11,6,1,15,M_Y_day2_anticipated_affect,-0.058690369385128664,0.06317605028584694,0.12186641967097561,0.12186641967097561,1.9289971297600543,0.0037633329681823076,0.013671050335782716,319,319
11,6,1,16,M_Y_day3_fourSC_morning,-0.04761927599490676,0.01991178142569151,0.06753105742059827,0.06753105742059827,1.4181454045588855,0.0037633329681823076,0.013671050335782716,319,319
11,6,1,17,M_Y_day3_fourSC_afternoon,-0.0905590848418677,0.04595968986000391,0.13651877470187163,0.13651877470187163,1.5075105379019424,0.0037633329681823076,0.013671050335782716,319,319
11,6,1,18,M_Y_day3_anticipated_affect,0.011656746336137693,0.04205828992507728,0.030401543588939584,0.030401543588939584,0.7228430742927722,0.0037633329681823076,0.013671050335782716,319,319
11,6,1,19,M_Y_day4_fourSC_morning,0.02028531797391985,0.01047792081167805,-0.009807397162241802,0.009807397162241802,0.4834726857548322,0.0037633329681823076,0.013671050335782716,319,319
11,6,1,20,M_Y_day4_fourSC_afternoon,0.12345605489287967,0.05579906769326604,-0.06765698719961363,0.06765698719961363,0.5480248600064066,0.0037633329681823076,0.013671050335782716,319,319
11,6,1,21,M_Y_day4_anticipated_affect,0.31546743581232134,0.2962271703752845,-0.01924026543703683,0.01924026543703683,0.06098970369950734,0.0037633329681823076,0.013671050335782716,319,319
11,6,1,22,M_Y_day5_fourSC_morning,0.013391741917153534,-0.06612734221034078,-0.07951908412749431,0.07951908412749431,1.2025144436405215,0.0037633329681823076,0.013671050335782716,319,319
11,6,1,23,M_Y_day5_fourSC_afternoon,0.026050915581604328,-0.04183427388453648,-0.0678851894661408,0.0678851894661408,1.62271704902792,0.0037633329681823076,0.013671050335782716,319,319
11,6,1,24,M_Y_day5_anticipated_affect,0.5732981047229878,0.39029712302024444,-0.18300098170274337,0.18300098170274337,0.3192073725608559,0.0037633329681823076,0.013671050335782716,319,319
11,6,1,25,M_Y_day6_fourSC_morning,0.0,0.0,0.0,0.0,0.0,0.0037633329681823076,0.013671050335782716,319,319
11,6,1,26,M_Y_day6_fourSC_afternoon,0.0,0.0,0.0,0.0,0.0,0.0037633329681823076,0.013671050335782716,319,319
11,6,1,27,M_Y_day6_anticipated_affect,0.0,0.0,0.0,0.0,0.0,0.0037633329681823076,0.013671050335782716,319,319
11,6,1,28,M_E_day1_pageview_morning,0.08582594524229606,-0.004069088349126478,-0.08989503359142254,0.08989503359142254,1.0474109354419459,0.0037633329681823076,0.013671050335782716,319,319
11,6,1,29,M_E_day1_pageview_afternoon,-0.08374088827753788,-0.00533156004774711,0.07840932822979077,0.07840932822979077,0.9363326547232577,0.0037633329681823076,0.013671050335782716,319,319
11,6,1,30,M_E_day1_morning_fitbit_wear,0.1373743761792348,0.10672651790849452,-0.030647858270740264,0.030647858270740264,0.22309734262780898,0.0037633329681823076,0.013671050335782716,319,319
11,6,1,31,M_E_day1_daily_survey_complete,0.026485704736466595,0.1389023547888572,0.11241665005239061,0.11241665005239061,0.8093214130406428,0.0037633329681823076,0.013671050335782716,319,319
11,6,1,32,M_E_day2_pageview_morning,0.03825111849848381,0.048100719083059934,0.009849600584576124,0.009849600584576124,0.20477033966099162,0.0037633329681823076,0.013671050335782716,319,319
11,6,1,33,M_E_day2_pageview_afternoon,0.011527306567431008,0.03590571791356022,0.02437841134612921,0.02437841134612921,0.6789562432595845,0.0037633329681823076,0.013671050335782716,319,319
11,6,1,34,M_E_day2_morning_fitbit_wear,-0.1629553441690316,0.002320855854594141,0.16527620002362572,0.16527620002362572,1.0142422813220948,0.0037633329681823076,0.013671050335782716,319,319
11,6,1,35,M_E_day2_daily_survey_complete,-0.0658893481663804,-0.0955386237173672,-0.0296492755509868,0.0296492755509868,0.31033810617471874,0.0037633329681823076,0.013671050335782716,319,319
11,6,1,36,M_E_day3_pageview_morning,-0.06415150170619091,-0.00848472000218493,0.05566678170400598,0.05566678170400598,0.867739339274639,0.0037633329681823076,0.013671050335782716,319,319
11,6,1,37,M_E_day3_pageview_afternoon,-0.08156933297966296,-0.06865811366785163,0.012911219311811328,0.012911219311811328,0.15828521381963956,0.0037633329681823076,0.013671050335782716,319,319
11,6,1,38,M_E_day3_morning_fitbit_wear,-0.051438815293400136,-0.037857785970697895,0.013581029322702241,0.013581029322702241,0.2640229804134847,0.0037633329681823076,0.013671050335782716,319,319
11,6,1,39,M_E_day3_daily_survey_complete,0.05565550149573294,-0.21545363535018122,-0.27110913684591414,0.27110913684591414,1.2583177647723367,0.0037633329681823076,0.013671050335782716,319,319
11,6,1,40,M_E_day4_pageview_morning,0.08162215710710038,0.008849339860329862,-0.07277281724677052,0.07277281724677052,0.8915816467737037,0.0037633329681823076,0.013671050335782716,319,319
11,6,1,41,M_E_day4_pageview_afternoon,0.04986300123747681,0.1390293105306602,0.0891663092931834,0.0891663092931834,0.6413490000982167,0.0037633329681823076,0.013671050335782716,319,319
11,6,1,42,M_E_day4_morning_fitbit_wear,-0.11970959283547125,-0.10422883546799051,0.015480757367480738,0.015480757367480738,0.12931927175424843,0.0037633329681823076,0.013671050335782716,319,319
11,6,1,43,M_E_day4_daily_survey_complete,-0.05605868191448079,-0.025945003972585375,0.030113677941895414,0.030113677941895414,0.5371813412922326,0.0037633329681823076,0.013671050335782716,319,319
11,6,1,44,M_E_day5_pageview_morning,-0.04288951909490188,-0.012311351730968402,0.030578167363933477,0.030578167363933477,0.7129519754295448,0.0037633329681823076,0.013671050335782716,319,319
11,6,1,45,M_E_day5_pageview_afternoon,-0.023383410935736853,-0.004385134857310169,0.018998276078426683,0.018998276078426683,0.8124681266834185,0.0037633329681823076,0.013671050335782716,319,319
11,6,1,46,M_E_day5_morning_fitbit_wear,0.020707978952579604,-0.027474023652657185,-0.04818200260523679,0.04818200260523679,1.7537293850504787,0.0037633329681823076,0.013671050335782716,319,319
11,6,1,47,M_E_day5_daily_survey_complete,0.08439272385377977,0.05161510577722234,-0.03277761807655743,0.03277761807655743,0.3883938872899573,0.0037633329681823076,0.013671050335782716,319,319
11,6,1,48,M_E_day6_pageview_morning,0.0,0.0,0.0,0.0,0.0,0.0037633329681823076,0.013671050335782716,319,319
11,6,1,49,M_E_day6_pageview_afternoon,0.0,0.0,0.0,0.0,0.0,0.0037633329681823076,0.013671050335782716,319,319
11,6,1,50,M_E_day6_morning_fitbit_wear,0.0,0.0,0.0,0.0,0.0,0.0037633329681823076,0.013671050335782716,319,319
11,6,1,51,M_E_day6_daily_survey_complete,0.0,0.0,0.0,0.0,0.0,0.0037633329681823076,0.013671050335782716,319,319
11,6,1,52,yesterday_step_count,-0.12203369759072175,-0.05764552165814682,0.06438817593257493,0.06438817593257493,0.5276261983679364,0.0037633329681823076,0.013671050335782716,319,319
11,6,1,53,ema_step_count,0.017123330189038798,0.026856343698863624,0.009733013509824827,0.009733013509824827,0.36241022303556014,0.0037633329681823076,0.013671050335782716,319,319
11,6,1,54,prior2hour_step_count,-0.033157766486563364,-0.02001061108867545,0.013147155397887914,0.013147155397887914,0.3965030456202646,0.0037633329681823076,0.013671050335782716,319,319
11,6,1,55,previous7days_rpa,0.03683614577623558,0.1105037957886092,0.0736676500123736,0.0736676500123736,0.6666526655183669,0.0037633329681823076,0.013671050335782716,319,319
11,6,1,56,active_status_fraction_7days,0.29728087542712006,0.1233223175504506,-0.17395855787666947,0.17395855787666947,0.5851656539517838,0.0037633329681823076,0.013671050335782716,319,319
11,6,1,57,recent_burden,-0.014412503619975916,-3.9691058217686365e-05,0.01437281256175823,0.01437281256175823,0.997246067771135,0.0037633329681823076,0.013671050335782716,319,319
11,6,1,58,salience_yesterday,-0.10553948066885964,-0.12224857853348087,-0.016709097864621228,0.016709097864621228,0.13668132640123107,0.0037633329681823076,0.013671050335782716,319,319
11,6,1,59,walk_interaction_7d,-0.10242809347166384,-0.07880044625530122,0.023627647216362624,0.023627647216362624,0.2306754564644814,0.0037633329681823076,0.013671050335782716,319,319
11,6,1,60,A,-0.011553092064464992,-0.03591602099869476,-0.02436292893422977,0.02436292893422977,0.6783304012188642,0.0037633329681823076,0.013671050335782716,319,319
11,6,1,61,A*E_w,0.005371628517366969,0.009826577011115068,0.004454948493748099,0.004454948493748099,0.4533571037716393,0.0037633329681823076,0.013671050335782716,319,319
11,6,1,62,A*b_hat,0.0024365546061421153,0.009905366950227432,0.007468812344085317,0.007468812344085317,0.7540167246316735,0.0037633329681823076,0.013671050335782716,319,319
11,6,1,63,A*weekday_vs_weekend,-0.011553092064464586,-0.03591602099869458,-0.02436292893422999,0.02436292893422999,0.6783304012188738,0.0037633329681823076,0.013671050335782716,319,319
11,6,1,64,A*slot_pm,0.0,0.0,0.0,0.0,0.0,0.0037633329681823076,0.013671050335782716,319,319
11,6,1,65,A*weekday_vs_weekend*E_w,0.0053716285173669165,0.009826577011115285,0.004454948493748369,0.004454948493748369,0.4533571037716567,0.0037633329681823076,0.013671050335782716,319,319
11,6,1,66,A*slot_pm*E_w,0.0,0.0,0.0,0.0,0.0,0.0037633329681823076,0.013671050335782716,319,319
11,6,1,67,A*weekday_vs_weekend*b_hat,0.002436554606142101,0.009905366950227432,0.007468812344085331,0.007468812344085331,0.7540167246316749,0.0037633329681823076,0.013671050335782716,319,319
11,6,1,68,A*slot_pm*b_hat,0.0,0.0,0.0,0.0,0.0,0.0037633329681823076,0.013671050335782716,319,319
11,6,1,69,A*yesterday_step_count,-0.021223661679052302,-0.02438344938598951,-0.0031597877069372074,0.0031597877069372074,0.12958739581581885,0.0037633329681823076,0.013671050335782716,319,319
11,6,1,70,A*ema_step_count,0.012772247038738346,0.002072371748626214,-0.010699875290112133,0.010699875290112133,0.837744153997281,0.0037633329681823076,0.013671050335782716,319,319
11,6,1,71,A*prior2hour_step_count,0.034193761192958534,-0.003095622679556367,-0.0372893838725149,0.0372893838725149,1.090531797952483,0.0037633329681823076,0.013671050335782716,319,319
11,6,1,72,A*previous7days_rpa,0.027381283712926405,-0.07389458074913831,-0.10127586446206471,0.10127586446206471,1.3705452204388575,0.0037633329681823076,0.013671050335782716,319,319
11,6,1,73,A*active_status_fraction_7days,0.03399102814032728,0.042972044889968156,0.008981016749640879,0.008981016749640879,0.20899672735233274,0.0037633329681823076,0.013671050335782716,319,319
11,6,1,74,A*recent_burden,0.003481318363294683,0.0205836020990165,0.017102283735721816,0.017102283735721816,0.8308693324643589,0.0037633329681823076,0.013671050335782716,319,319
11,6,1,75,A*salience_yesterday,-0.01936448300120434,0.019629924050554186,0.03899440705175852,0.03899440705175852,1.9864777342659992,0.0037633329681823076,0.013671050335782716,319,319
11,6,1,76,A*walk_interaction_7d,-0.06373188879111359,-0.07217082147166957,-0.008438932680555983,0.008438932680555983,0.116929979574483,0.0037633329681823076,0.013671050335782716,319,319
12,6,2,0,intercept,-0.14358955488712238,-0.07293945465695267,0.07065010023016971,0.07065010023016971,0.4920281303588459,0.4179809066890526,0.20614309274381284,319,203
12,6,2,1,weekday_vs_weekend,-0.14358955488712083,-0.07293945465694264,0.07065010023017819,0.07065010023017819,0.4920281303589103,0.4179809066890526,0.20614309274381284,319,203
12,6,2,2,slot_pm,-0.1435895548871227,-0.07293945465694068,0.070650100230182,0.070650100230182,0.4920281303589305,0.4179809066890526,0.20614309274381284,319,203
12,6,2,3,E_w,0.0030428111474637056,-0.020308358454494062,-0.023351169601957766,0.023351169601957766,1.149830482571099,0.4179809066890526,0.20614309274381284,319,203
12,6,2,4,weekday_vs_weekend*E_w,0.003042811147463725,-0.02030835845449389,-0.023351169601957614,0.023351169601957614,1.1498304825711012,0.4179809066890526,0.20614309274381284,319,203
12,6,2,5,slot_pm*E_w,0.0030428111474636275,-0.020308358454493247,-0.023351169601956875,0.023351169601956875,1.1498304825711012,0.4179809066890526,0.20614309274381284,319,203
12,6,2,6,b_hat,0.2939728977605847,0.4231880693651191,0.12921517160453438,0.12921517160453438,0.30533746331362155,0.4179809066890526,0.20614309274381284,319,203
12,6,2,7,weekday_vs_weekend*b_hat,0.29397289776058083,0.42318806936513526,0.12921517160455442,0.12921517160455442,0.30533746331365724,0.4179809066890526,0.20614309274381284,319,203
12,6,2,8,slot_pm*b_hat,0.29397289776057955,0.4231880693651493,0.12921517160456975,0.12921517160456975,0.30533746331368333,0.4179809066890526,0.20614309274381284,319,203
12,6,2,9,b_tilde,0.0,0.0,0.0,0.0,0.0,0.4179809066890526,0.20614309274381284,319,203
12,6,2,10,M_Y_day1_fourSC_morning,-0.004882772086501382,0.009112982468210285,0.013995754554711668,0.013995754554711668,1.5358039591905766,0.4179809066890526,0.20614309274381284,319,203
12,6,2,11,M_Y_day1_fourSC_afternoon,-0.04798253089457548,-0.032941665890015986,0.015040865004559492,0.015040865004559492,0.3134654367775313,0.4179809066890526,0.20614309274381284,319,203
12,6,2,12,M_Y_day1_anticipated_affect,0.11051126089919702,0.3808955030801819,0.2703842421809849,0.2703842421809849,0.7098646216468106,0.4179809066890526,0.20614309274381284,319,203
12,6,2,13,M_Y_day2_fourSC_morning,0.011150163572411196,0.018727171509007583,0.0075770079365963874,0.0075770079365963874,0.4045996979817225,0.4179809066890526,0.20614309274381284,319,203
12,6,2,14,M_Y_day2_fourSC_afternoon,0.06526279136186058,0.014222434907715813,-0.05104035645414477,0.05104035645414477,0.7820743702356046,0.4179809066890526,0.20614309274381284,319,203
12,6,2,15,M_Y_day2_anticipated_affect,-0.14736641454842478,0.035589043596762585,0.18295545814518738,0.18295545814518738,1.2415003697132632,0.4179809066890526,0.20614309274381284,319,203
12,6,2,16,M_Y_day3_fourSC_morning,-0.029863589415195922,0.02062292108711097,0.05048651050230689,0.05048651050230689,1.690570741527042,0.4179809066890526,0.20614309274381284,319,203
12,6,2,17,M_Y_day3_fourSC_afternoon,-0.13925095007526878,0.03254341572258012,0.1717943657978489,0.1717943657978489,1.2337033657938388,0.4179809066890526,0.20614309274381284,319,203
12,6,2,18,M_Y_day3_anticipated_affect,-0.2074793397248713,-0.06449578766752961,0.14298355205734167,0.14298355205734167,0.6891459759171469,0.4179809066890526,0.20614309274381284,319,203
12,6,2,19,M_Y_day4_fourSC_morning,0.03572621251047966,0.04594006010351628,0.010213847593036618,0.010213847593036618,0.22232987005288757,0.4179809066890526,0.20614309274381284,319,203
12,6,2,20,M_Y_day4_fourSC_afternoon,0.10632959197561431,0.04785459308516631,-0.058474998890448,0.058474998890448,0.5499409694326551,0.4179809066890526,0.20614309274381284,319,203
12,6,2,21,M_Y_day4_anticipated_affect,0.4694828078650597,0.4322905090407806,-0.0371922988242791,0.0371922988242791,0.07921972477204967,0.4179809066890526,0.20614309274381284,319,203
12,6,2,22,M_Y_day5_fourSC_morning,0.028071623875246976,-0.06258392435429083,-0.09065554822953781,0.09065554822953781,1.4485436821815785,0.4179809066890526,0.20614309274381284,319,203
12,6,2,23,M_Y_day5_fourSC_afternoon,-0.004421611924649462,-0.07788640791152791,-0.07346479598687845,0.07346479598687845,0.9432299929703778,0.4179809066890526,0.20614309274381284,319,203
12,6,2,24,M_Y_day5_anticipated_affect,0.8737585566086354,0.6135135651978744,-0.2602449914107611,0.2602449914107611,0.29784542817052745,0.4179809066890526,0.20614309274381284,319,203
12,6,2,25,M_Y_day6_fourSC_morning,-0.03000939669600877,-0.00974811062990608,0.02026128606610269,0.02026128606610269,0.6751647249475504,0.4179809066890526,0.20614309274381284,319,203
12,6,2,26,M_Y_day6_fourSC_afternoon,0.0,0.0,0.0,0.0,0.0,0.4179809066890526,0.20614309274381284,319,203
12,6,2,27,M_Y_day6_anticipated_affect,0.0,0.0,0.0,0.0,0.0,0.4179809066890526,0.20614309274381284,319,203
12,6,2,28,M_E_day1_pageview_morning,0.08838424756097234,-0.007892094175221197,-0.09627634173619354,0.09627634173619354,1.0892929949963854,0.4179809066890526,0.20614309274381284,319,203
12,6,2,29,M_E_day1_pageview_afternoon,-0.08852793097261995,-0.0007787586452244819,0.08774917232739547,0.08774917232739547,0.9912032435789635,0.4179809066890526,0.20614309274381284,319,203
12,6,2,30,M_E_day1_morning_fitbit_wear,0.17584621134001066,0.16971326665990957,-0.006132944680101088,0.006132944680101088,0.034876751869522056,0.4179809066890526,0.20614309274381284,319,203
12,6,2,31,M_E_day1_daily_survey_complete,0.05300517604060503,0.13075558960859485,0.07775041356798981,0.07775041356798981,0.5946240141681799,0.4179809066890526,0.20614309274381284,319,203
12,6,2,32,M_E_day2_pageview_morning,0.03646373161135402,0.04321348931694615,0.0067497577055921285,0.0067497577055921285,0.15619561882833688,0.4179809066890526,0.20614309274381284,319,203
12,6,2,33,M_E_day2_pageview_afternoon,0.013259673064449912,0.044074646803456984,0.030814973739007073,0.030814973739007073,0.6991541844094848,0.4179809066890526,0.20614309274381284,319,203
12,6,2,34,M_E_day2_morning_fitbit_wear,-0.1810354944595853,0.0008955204758729667,0.18193101493545827,0.18193101493545827,1.0049466568892813,0.4179809066890526,0.20614309274381284,319,203
12,6,2,35,M_E_day2_daily_survey_complete,-0.08750636596308743,-0.07723917540609994,0.010267190556987493,0.010267190556987493,0.11733078438337245,0.4179809066890526,0.20614309274381284,319,203
12,6,2,36,M_E_day3_pageview_morning,-0.06974163981843916,0.021576650004981553,0.09131828982342072,0.09131828982342072,1.3093797344191047,0.4179809066890526,0.20614309274381284,319,203
12,6,2,37,M_E_day3_pageview_afternoon,-0.0909584386530399,-0.07125088294716049,0.019707555705879412,0.019707555705879412,0.21666550127419948,0.4179809066890526,0.20614309274381284,319,203
12,6,2,38,M_E_day3_morning_fitbit_wear,-0.05438366330779839,-0.051541882142486416,0.002841781165311974,0.002841781165311974,0.05225431669117579,0.4179809066890526,0.20614309274381284,319,203
12,6,2,39,M_E_day3_daily_survey_complete,0.036624292662089095,-0.2346798607279426,-0.2713041533900317,0.2713041533900317,1.1560606544953875,0.4179809066890526,0.20614309274381284,319,203
12,6,2,40,M_E_day4_pageview_morning,0.08393938459920687,0.010121101366433204,-0.07381828323277367,0.07381828323277367,0.8794236887158591,0.4179809066890526,0.20614309274381284,319,203
12,6,2,41,M_E_day4_pageview_afternoon,0.050183228540704373,0.13323738690637127,0.0830541583656669,0.0830541583656669,0.6233547527018886,0.4179809066890526,0.20614309274381284,319,203
12,6,2,42,M_E_day4_morning_fitbit_wear,-0.13652442405692633,-0.16189493428227697,-0.02537051022535064,0.02537051022535064,0.1567097224988837,0.4179809066890526,0.20614309274381284,319,203
12,6,2,43,M_E_day4_daily_survey_complete,-0.05007393044935051,0.016560517023444507,0.06663444747279501,0.06663444747279501,1.3307213329338181,0.4179809066890526,0.20614309274381284,319,203
12,6,2,44,M_E_day5_pageview_morning,-0.04729889380650779,-0.013178965792530355,0.03411992801397744,0.03411992801397744,0.7213684141019577,0.4179809066890526,0.20614309274381284,319,203
12,6,2,45,M_E_day5_pageview_afternoon,-0.021282726560894576,0.004493786686398251,0.025776513247292826,0.025776513247292826,1.21114713256032,0.4179809066890526,0.20614309274381284,319,203
12,6,2,46,M_E_day5_morning_fitbit_wear,0.023195563496079073,-0.04561579526645341,-0.06881135876253248,0.06881135876253248,1.5084985005870866,0.4179809066890526,0.20614309274381284,319,203
12,6,2,47,M_E_day5_daily_survey_complete,0.09226522983236254,0.04623548381305173,-0.04602974601931081,0.04602974601931081,0.49888507407332794,0.4179809066890526,0.20614309274381284,319,203
12,6,2,48,M_E_day6_pageview_morning,0.004624238538989319,-0.06931192265429573,-0.07393616119328504,0.07393616119328504,1.0667163506927004,0.4179809066890526,0.20614309274381284,319,203
12,6,2,49,M_E_day6_pageview_afternoon,0.0,0.0,0.0,0.0,0.0,0.4179809066890526,0.20614309274381284,319,203
12,6,2,50,M_E_day6_morning_fitbit_wear,0.0,0.0,0.0,0.0,0.0,0.4179809066890526,0.20614309274381284,319,203
12,6,2,51,M_E_day6_daily_survey_complete,0.0,0.0,0.0,0.0,0.0,0.4179809066890526,0.20614309274381284,319,203
12,6,2,52,yesterday_step_count,-0.14486732069923813,-0.07350249301325001,0.07136482768598812,0.07136482768598812,0.49262198915206024,0.4179809066890526,0.20614309274381284,319,203
12,6,2,53,ema_step_count,0.15354072934119017,0.11402602587861638,-0.0395147034625738,0.0395147034625738,0.25735649187106757,0.4179809066890526,0.20614309274381284,319,203
12,6,2,54,prior2hour_step_count,0.012325605839472951,-0.15320241650278218,-0.16552802234225514,0.16552802234225514,1.08045307718269,0.4179809066890526,0.20614309274381284,319,203
12,6,2,55,previous7days_rpa,0.07941263316066174,0.18110505105174862,0.10169241789108688,0.10169241789108688,0.5615106663260843,0.4179809066890526,0.20614309274381284,319,203
12,6,2,56,active_status_fraction_7days,0.3755655254055699,0.17001329066888307,-0.20555223473668685,0.20555223473668685,0.5473139061811192,0.4179809066890526,0.20614309274381284,319,203
12,6,2,57,recent_burden,-0.01367075011521657,0.00789523692263934,0.021565987037855908,0.021565987037855908,1.577527703754262,0.4179809066890526,0.20614309274381284,319,203
12,6,2,58,salience_yesterday,-0.12661869247124488,-0.20531075350765016,-0.07869206103640528,0.07869206103640528,0.383282705323436,0.4179809066890526,0.20614309274381284,319,203
12,6,2,59,walk_interaction_7d,-0.09183181177097301,-0.16375831454091114,-0.07192650276993813,0.07192650276993813,0.4392235165071206,0.4179809066890526,0.20614309274381284,319,203
12,6,2,60,A,-0.04060018878101508,-0.14043114621687192,-0.09983095743585683,0.09983095743585683,0.7108890023704925,0.4179809066890526,0.20614309274381284,319,203
12,6,2,61,A*E_w,-0.01127857941827563,0.019640610694750295,0.030919190113025925,0.030919190113025925,1.5742478985793584,0.4179809066890526,0.20614309274381284,319,203
12,6,2,62,A*b_hat,-0.0020976694374640116,0.05046481060431794,0.052562480041781955,0.052562480041781955,1.0415669733492376,0.4179809066890526,0.20614309274381284,319,203
12,6,2,63,A*weekday_vs_weekend,-0.0406001887810167,-0.14043114621687072,-0.09983095743585402,0.09983095743585402,0.7108890023704785,0.4179809066890526,0.20614309274381284,319,203
12,6,2,64,A*slot_pm,-0.040600188781016275,-0.1404311462168719,-0.09983095743585561,0.09983095743585561,0.7108890023704839,0.4179809066890526,0.20614309274381284,319,203
12,6,2,65,A*weekday_vs_weekend*E_w,-0.011278579418275161,0.019640610694753213,0.030919190113028374,0.030919190113028374,1.5742478985792492,0.4179809066890526,0.20614309274381284,319,203
12,6,2,66,A*slot_pm*E_w,-0.01127857941827517,0.019640610694754354,0.030919190113029522,0.030919190113029522,1.5742478985792163,0.4179809066890526,0.20614309274381284,319,203
12,6,2,67,A*weekday_vs_weekend*b_hat,-0.002097669437464182,0.050464810604318164,0.05256248004178234,0.05256248004178234,1.0415669733492408,0.4179809066890526,0.20614309274381284,319,203
12,6,2,68,A*slot_pm*b_hat,-0.002097669437464209,0.05046481060431831,0.05256248004178252,0.05256248004178252,1.0415669733492412,0.4179809066890526,0.20614309274381284,319,203
12,6,2,69,A*yesterday_step_count,0.005852241186675775,0.01643307045806316,0.010580829271387386,0.010580829271387386,0.6438741498972717,0.4179809066890526,0.20614309274381284,319,203
12,6,2,70,A*ema_step_count,-0.24026152691605196,0.017014622418637146,0.2572761493346891,0.2572761493346891,1.0708170910134194,0.4179809066890526,0.20614309274381284,319,203
12,6,2,71,A*prior2hour_step_count,0.04268354731933728,0.1737885457327636,0.13110499841342632,0.13110499841342632,0.754393782746924,0.4179809066890526,0.20614309274381284,319,203
12,6,2,72,A*previous7days_rpa,-0.11601248697054044,-0.22820668590149773,-0.11219419893095729,0.11219419893095729,0.49163414510731895,0.4179809066890526,0.20614309274381284,319,203
12,6,2,73,A*active_status_fraction_7days,-0.09540895360875834,-0.17772453750852263,-0.08231558389976429,0.08231558389976429,0.4631638661364749,0.4179809066890526,0.20614309274381284,319,203
12,6,2,74,A*recent_burden,-0.009514820981558161,-0.0033711174239293464,0.006143703557628815,0.006143703557628815,0.6456982816110444,0.4179809066890526,0.20614309274381284,319,203
12,6,2,75,A*salience_yesterday,0.09566854185678889,0.3522641990722501,0.2565956572154612,0.2565956572154612,0.7284182096598266,0.4179809066890526,0.20614309274381284,319,203
12,6,2,76,A*walk_interaction_7d,-0.010930377272713015,0.21246632642251384,0.22339670369522685,0.22339670369522685,1.051445221728815,0.4179809066890526,0.20614309274381284,319,203
